"Cab","Car","Anth","LMA","EWT","Cbrown","Prot","CBC","N","alpha","LIDFa","LIDFb","TypeLidf","LAI","hspot","tts","tto","psi","Cs","fqe","Cx","fraction_brown","diss","Cv","Zeta"
48.5281055746796,10.1252054274038,1.51956192939542,0.0173320474324282,0.0279927683998831,0.91894864058122,0.0101040320180263,0.0284715022477997,1.52349152951501,40,60.0136461853981,0,2,2.37719767354429,0,0,17.9413555108476,0,0.00629428027896211,0.0130242255947087,0.021662553679198,0.117027366394177,0.556164351291955,0.531974127865396,0.0811374037293717
41.8275031385417,7.22958019263967,3.6333304370055,0.00574866627226584,0.0289560876735486,0.289528281195089,0.0156274685353646,0.0222243330977578,2.02700567757711,40,36.5989608876407,0,2,4.5613033012487,0,0,18.2858050963841,0,0.011088903893251,0.00728111857897602,0.112287691282108,0.0121669962303713,0.0803556630853564,0.555029501789249,0.205152223701589
47.0531253914988,10.2872475210907,4.41095977812074,0.0129685074731242,0.00848190546222031,0.965842838399112,0.00248843410176691,0.0223529182302882,1.82129158684984,40,47.2638314496726,0,2,2.19656665087678,0,0,25.971450204961,0,0.0129896943317726,0.0139753025246318,0.0979247783310711,0.0629344954155385,0.930908765643835,0.728809407330118,0.335057180374861
44.6190735994828,7.48494576281699,1.54759686102625,0.0097285300551448,0.00840547550842166,0.792254965985194,0.013112724639182,0.0031747562532872,2.11935201357119,40,51.9654097873718,0,2,3.2973212862853,0,0,22.3438387387432,0,0.022344900125172,0.00610447359853424,0.0699112564325333,0.289028114243411,0.268098611617461,0.680329016293399,0.0136146262520924
65.7940829414809,12.9825370081937,0.643770736176521,0.00617384208948351,0.00320235419087112,0.140758521389216,0.0215830877397698,1.86884938459843e-05,1.95876552397385,40,33.7925324309617,0,2,4.21876481268555,0,0,19.0452968270984,0,0.00858259411063045,0.0192924866301473,0.124771716911346,0.274864900996909,0.618240408366546,0.84872034471482,0.160940741072409
22.1024669959071,3.86332654500824,2.57189295161515,0.0118234882235993,0.0273791608037427,0.912000146461651,0.0241154177801753,0.0228076673876285,2.0521544793155,40,38.6475221160799,0,2,4.81393421627581,0,0,18.1506126362365,0,0.0134606695594266,0.00738406078657135,0.0390906969085336,0.281135529326275,0.530033008893952,0.99166714574676,0.0947566532995552
52.1010939234918,10.6271232548074,0.888629409600981,0.0053387647762429,0.0288691979497671,0.555445786099881,0.00244955361061264,0.0274282980127376,1.633581798058,40,34.7865584585816,0,2,2.06107185618021,0,0,22.5418800080661,0,0.0183254236634821,0.0114620910550002,0.0154999254737049,0.236744428309612,0.0482142989058048,0.599473198526539,0.298244483536109
54.022183676332,11.4425480637202,2.98111989547033,0.00560384545009583,0.0130440814080648,0.227142869727686,0.00220411777128,0.000689255950972438,2.28995092725381,40,36.1641274299473,0,2,3.6081746253185,0,0,27.6186534028966,0,0.015396793470718,0.0163288687390741,0.0958661497104913,0.0798859153641388,0.60714371711947,0.946822169586085,0.238847967237234
38.1585419651734,6.86206799619935,3.2872909825528,0.00607622836949304,0.0118465874134563,0.28939731605351,0.0250414186736243,0.0234379311898327,1.9182786620222,40,30.394832091406,0,2,3.24695840943605,0,0,27.0876948733348,0,0.0264763942826539,0.00842894051340409,0.0301328527741134,0.294292240426876,0.694285201141611,0.633418549201451,0.470000616391189
23.1747739780333,5.5697769720954,2.24509121803567,0.0130822923150845,0.00760746979992837,0.492400262970477,0.0217030147736729,0.000599278604504652,2.48430728563108,40,31.361117856577,0,2,4.44568131305277,0,0,21.4369042078033,0,0.00442902299109846,0.017037662077928,0.0592402687761933,0.0615784568712115,0.407515778904781,0.531627195421606,0.342151039629243
26.6376915485233,5.05112189232285,3.92444513028022,0.012134935996728,0.0207640002323315,0.12781371595338,0.00192950061580865,0.0253097804330499,1.97143580927514,40,60.4280569404364,0,2,3.60066807013936,0,0,21.4079220942222,0,0.019388835139107,0.00595027502276935,0.14420391721651,0.173442682460882,0.153831145726144,0.871402271091938,0.0911203041905537
58.7578430459739,12.4551662446601,3.39938150101807,0.0131501734687481,0.0109653808865696,0.0907182982191443,0.0251903811503574,0.00139032661948819,1.95956905046478,40,69.0175802819431,0,2,3.20933439652435,0,0,22.0240854041185,0,0.0287123363139108,0.0182448602828663,0.196489066164941,0.155884809605777,0.241034478414804,0.932621550280601,0.298303529853001
52.6498767640989,10.3317455070412,3.95454626809806,0.0129680533800274,0.0269199878773652,0.00522523932158947,0.0175453371590562,0.0037373858131934,1.68640645779669,40,68.0757076386362,0,2,4.77716139261611,0,0,21.2449491361622,0,0.029819967225194,0.012882161475718,0.185684429993853,0.059918797085993,0.986086637945846,0.913348478381522,0.446791159920394
69.4950182448889,14.5699586317289,0.759203977533616,0.0182671600149479,0.0214537751767784,0.403451278340071,0.0216313744373689,0.0118786942778435,1.79978327499703,40,40.7791079860181,0,2,4.43767906958237,0,0,18.4683058457449,0,0.00482036407571286,0.0185249375575222,0.104198224423453,0.245298209460452,0.0782488631084561,0.773512125015259,0.404172076960094
60.9292657113926,13.4447456745272,4.09081386134494,0.00795874963281676,0.00264436386199668,0.231467742007226,0.0164262495743716,0.00971150014853571,1.70697338925675,40,56.8948775809258,0,2,4.66011595888995,0,0,21.7320002429187,0,0.0235028971452266,0.00624849867424928,0.0140072045382112,0.183019040920772,0.290744392201304,0.50232865428552,0.414159014006145
50.4834743681334,9.2894560814297,1.32164894824382,0.0126969682774507,0.0313512392677367,0.912153571844101,0.00119765215249499,0.0202060802809498,1.77654937421903,40,40.308128381148,0,2,4.59796604886651,0,0,19.437847196823,0,0.021000500684604,0.0147142989479471,0.122096598893404,0.00404924664180726,0.653135057538748,0.683268503285944,0.261524699046277
30.6839934741943,7.31697171317695,1.41238353517838,0.0143797245575115,0.0182487208233215,0.490480267908424,0.00726675999501254,0.00466214867929229,2.44091096217744,40,57.1052140649408,0,2,2.47707555233501,0,0,20.5472375429235,0,0.009568110848777,0.00647136615589261,0.123837538156658,0.175715823518112,0.165558135835454,0.741409524460323,0.263962125056423
48.1802351915508,9.77118380892052,1.47435295698233,0.00722883864422329,0.0192389244935475,0.992442351998761,0.00604137369031086,0.0174366328386823,2.28935180907138,40,62.9567190539092,0,2,2.51863504131325,0,0,19.7932619566564,0,0.00270583717385307,0.00837675923365168,0.0721034253016114,0.0818758909357712,0.195897513302043,0.862976868753321,0.415180160314776
53.2528853601455,11.1387999355364,2.17224469478242,0.0133699458383489,0.0253767810948193,0.380690645892173,0.0219302154299663,0.0146389996860316,2.27909920620732,40,38.4268805384636,0,2,4.62148919026367,0,0,22.8671372914687,0,0.0250317155127414,0.0159800881997216,0.0406804277561605,0.069038012274541,0.561336615588516,0.718857022933662,0.435047891689464
68.6968894088664,13.4409297637633,3.12016493291594,0.0169271482492331,0.0106426698318683,0.815246251411736,0.0298788071619999,0.0266298066814314,2.14794876496308,40,51.8216776195914,0,2,3.80417252494954,0,0,18.9022597507574,0,0.0203340478031896,0.0138029692019336,0.151914955629036,0.100017667212524,0.450615301029757,0.701863462571055,0.402595466002822
43.7260212042887,8.13792898145872,3.7865358281415,0.0112151596881449,0.0145967602906749,0.404892119346187,0.0129465772798005,0.0255766147297458,2.08001802419312,40,55.4695317801088,0,2,4.39792436850257,0,0,17.8718131582718,0,0.00336156513774768,0.00520589976804331,0.0479043891187757,0.165693220705725,0.770591449458152,0.708673953660764,0.356889457209036
42.3904927035215,9.07428051620564,4.09951807383914,0.0179761503462214,0.0344092482328415,0.768412188393995,0.00647903020502999,0.0014966877080081,1.84549395577051,40,60.009084539488,0,2,4.49324155738577,0,0,21.8002871016506,0,0.0190633194870315,0.00807739251409657,0.13991567757912,0.091546985367313,0.0529850809834898,0.837330729467794,0.304775334428996
26.631750782519,4.33282186905857,1.94415302958805,0.0140746156824753,0.0173720977134071,0.940491599729285,0.025834521392819,0.0213710454855463,2.23437921819277,40,36.0766105074435,0,2,3.45861404156312,0,0,29.9675793224014,0,0.0242398443259299,0.00918233446544036,0.122913008043543,0.0321402783505619,0.27200544020161,0.500350964372046,0.2001015804708
38.7956876102713,7.71349301678505,2.22642210766207,0.0155835657683201,0.0139536830829456,0.828682532766834,0.0156381997512956,0.00566645864654798,1.72651573433541,40,50.9423507004976,0,2,3.78405268769711,0,0,15.2653312124312,0,0.00162387726595625,0.0078535171574913,0.0411009135656059,0.0240622295765206,0.516677609179169,0.572983555844985,0.214752192143351
28.3955207481104,6.51427411600308,3.1892816129839,0.00680111994617619,0.0213676906772889,0.147224142681807,0.00269516599079361,0.0251522292227484,2.2461110141594,40,69.2010221723467,0,2,4.68859690241516,0,0,29.8739611718338,0,0.0182605918147601,0.0132244775735307,0.108108318829909,0.238974445941858,0.585850752191618,0.774375888169743,0.207787426188588
56.1518362400809,11.0983537914325,1.20452231622767,0.0137919979263097,0.0207120519294404,0.29544076602906,0.00668738065865124,0.0149354877130431,1.91541902115569,40,34.5593281555921,0,2,2.21583462622948,0,0,28.1390874437056,0,0.0145679277204908,0.00533657678519376,0.0278697632718831,0.290907569183037,0.298612961079925,0.706101233256049,0.135676069417968
51.1371548307851,9.73314480913191,3.27562433411367,0.0141380387358367,0.00787948681693524,0.211073739686981,0.00130734261023114,0.0279990814444097,2.27872650581412,40,62.1053930278867,0,2,2.4182942439802,0,0,27.3143768229056,0,0.0166412599431351,0.00742390137631446,0.153740270622075,0.207415721425787,0.0349317754153162,0.719798130332492,0.438254492706619
42.5693468321389,7.89863575204174,1.9806133476086,0.00893367122625932,0.0307705408507027,0.291007237508893,0.00662003546769032,0.0260098136840551,1.81266453256831,40,67.2351975459605,0,2,4.43013347778469,0,0,23.9489876898006,0,0.000138577432371676,0.0133027702488471,0.00890894485637546,0.289534566365182,0.230526406317949,0.712806826806627,0.265871179522946
56.7365286667446,11.1316039579088,0.762418794678524,0.0143112802761607,0.0170941239143722,0.0560231725685298,0.0162034399832739,0.00219725499455584,2.45730019849725,40,54.7532376926392,0,2,2.51679281424731,0,0,23.2167146948632,0,0.00407166294520721,0.0148002044344321,0.14270573402755,0.286438974668272,0.797942467732355,0.985918830265291,0.219437871477567
34.5106123789454,6.18720902630878,3.51876392425038,0.00610470414976589,0.00945522209443152,0.319238711614162,0.00992604464915814,0.0032375705526676,1.90493824100122,40,65.4075991548598,0,2,2.04328967235051,0,0,28.4193392051384,0,0.00154302185866982,0.00571074386010878,0.153146969620138,0.066915319673717,0.377052599098533,0.810186429647729,0.177051416132599
68.1680340570105,14.4872214720289,1.75008793501183,0.0084588709694799,0.0110525125069544,0.18155284319073,0.0216518628885597,0.0117834523719759,1.56407067226246,40,62.8680944442749,0,2,2.9129975491669,0,0,27.8911207686178,0,0.0146364458044991,0.0193985127878841,0.0474614308681339,0.102668534964323,0.326445964397863,0.800073269754648,0.0387975238263607
38.0059204949619,7.15833300431968,2.23020142083988,0.0109988292702474,0.00685885882843286,0.693250798620284,0.0279348126364104,0.00153389938086038,1.91925021447241,40,44.4599492941052,0,2,2.27619907562621,0,0,16.7189155763481,0,0.00150824420386925,0.0176684519869741,0.108770092437044,0.223927362752147,0.127874762518331,0.682930254610255,0.4074342638487
43.623566707374,7.94561388673539,0.601183953112923,0.00991136525990441,0.0194072531652637,0.909998441115022,0.0281359360873955,0.0168516355749383,2.18306131009012,40,46.3618350960314,0,2,3.52752591646276,0,0,16.1995144130196,0,0.0063893432286568,0.0184100514103193,0.0266904268879443,0.04611024716869,0.71313816588372,0.873519680346362,0.0584138551494107
48.3616034314058,9.39573578610003,3.41901462036185,0.0130340495938435,0.0283277259282768,0.253082609735429,0.0182365940542729,0.0125542167700757,2.40287177148275,40,58.645750740543,0,2,4.20224086218514,0,0,28.5036969662178,0,0.0166191106243059,0.0178363232105039,0.149207860324532,0.000822136178612709,0.268226818414405,0.935121383052319,0.275566368480213
35.1903178194026,7.52562460828147,3.49962496419903,0.0179871310130693,0.0331273559853435,0.591016184072942,0.0197912189931679,0.000528249663868919,2.27232813439332,40,63.443701537326,0,2,4.66983357560821,0,0,25.6705794995651,0,0.00438992420677096,0.00608751476625912,0.0440720373764634,0.123998236726038,0.649398744106293,0.879820954171009,0.192471601767465
65.4165606766655,13.8889673196254,0.537080622394569,0.0146596870978829,0.0312716715848073,0.231223402079195,0.0292987444324745,0.0252787565368321,2.28394793113694,40,43.8839617650956,0,2,4.71576819103211,0,0,28.3619440288749,0,0.0272036979719996,0.0134657417959534,0.0432672721333802,0.261409780522808,0.424599807243794,0.720121335471049,0.186783171258867
9.497914061118,2.110523413644,1.22219503938686,0.011234487228794,0.0331745641930029,0.378467983333394,0.0259090900881379,0.0291014569307002,1.91349459672347,40,37.5986405741423,0,2,3.1358974785544,0,0,15.7980298250914,0,0.00682339739520103,0.00919014209648594,0.177681893948466,0.0114613754209131,0.0707988466601819,0.552803175058216,0.482914001797326
44.4933552350334,9.5945816729367,3.47936285741162,0.0169544434524141,0.0294435931383632,0.35665623517707,0.0173600332218572,0.00582830234182533,2.19438931951299,40,42.0237437728792,0,2,3.11516570299864,0,0,15.3774224733934,0,0.0100462655397132,0.0182171921164263,0.104900801321492,0.0462756812106818,0.832717842655256,0.855987070011906,0.176448072539642
62.8995414117683,12.7095159977785,3.08754543657415,0.0141412690619472,0.00265699124149978,0.216453194152564,0.0121339041176368,0.0144296186368912,1.8082152698189,40,45.1303491834551,0,2,2.86547298170626,0,0,28.1811823812313,0,0.000354145942255855,0.00915547331562266,0.151278951112181,0.173026787722483,0.313638128805906,0.524097092216834,0.176306488458067
33.1378482819933,7.3593375207774,3.0661235069856,0.00566210413700901,0.018572576392442,0.0661749136634171,0.0262689656852512,0.0132072902392154,1.64943044516258,40,55.0703820120543,0,2,2.14273521187715,0,0,27.0206911093555,0,0.0165855084336363,0.0180586202896666,0.149998855311424,0.201560883061029,0.578154304530472,0.587909256690182,0.498786444659345
27.008108839337,6.22468043750429,2.25797768693883,0.0173035054141656,0.0208562979446724,0.830686687724665,0.0217287219156232,0.00201000676187454,2.48451194423251,40,56.3629917893559,0,2,3.2042059248779,0,0,22.1946933330037,0,0.0143612367636524,0.0171585234079976,0.199923919280991,0.145006709243171,0.488954528933391,0.782189560937695,0.22524222638458
65.4699953447762,12.9630596700763,4.35371839092113,0.0108235668251291,0.0122131604724564,0.606227206066251,0.0298037359505543,0.0239685485794861,2.37806702591479,40,36.773787625134,0,2,2.18728091241792,0,0,22.5838299212046,0,0.0251932771154679,0.0097880833374802,0.185483662365004,0.0244749112520367,0.487340937135741,0.887590453377925,0.0465464916778728
61.5011299092192,13.5875099676828,1.54208432638552,0.0161524366936646,0.0313873965837993,0.376958787674084,0.0256202763475943,0.019996469120523,2.49095142073929,40,51.1426949128509,0,2,4.51970639405772,0,0,27.041204336565,0,0.0241864174325019,0.00721821078564972,0.197299427818507,0.247009753156453,0.782858239952475,0.990123403142206,0.456310754059814
51.2286232978229,10.6082005822275,2.62343876017258,0.013699231747305,0.0247563601555303,0.424352697562426,0.0228527349501755,0.0139646375398245,2.08758379076608,40,36.5806662570685,0,2,2.98001051158644,0,0,15.7614960079081,0,0.0211459010699764,0.0197979480004869,0.0467086509335786,0.0414423921145499,0.604319028789178,0.74395337945316,0.0831137016648427
54.8002961624348,11.406833751513,0.966089930618182,0.0188560983969364,0.0234249913091771,0.399902267148718,0.0138906089828326,0.0174985280615045,1.60990700824186,40,40.3097341395915,0,2,2.24188846047036,0,0,15.4568449454382,0,0.0171906277514063,0.00560231851181015,0.104111674474552,0.237120287655853,0.454526692861691,0.624181796330959,0.0575359403155744
36.8064397096275,7.20203364760982,2.95626555662602,0.0199994177336339,0.0211139748794958,0.150297086453065,0.016339384913356,0.0098112682117871,2.14941298728809,40,63.0882495362312,0,2,2.43433976662345,0,0,26.6577797185164,0,0.00449073761003092,0.0199292873905506,0.184200793271884,0.0334081408800557,0.263831492746249,0.724047376192175,0.00492879294324666
39.0266685623364,8.49368721295763,2.87477550271433,0.0193476775160525,0.0269882693267427,0.509293437935412,0.019357252861585,0.00298389272127068,1.65490252361633,40,61.3100839499384,0,2,3.41341315070167,0,0,21.6588503750972,0,0.00116995942080393,0.0108774217404425,0.070144765637815,0.247277389559895,0.47740845894441,0.696141722262837,0.0301082552177832
6.75279370361453,1.69949485795347,0.976808810024522,0.0128756122023333,0.0245190499378368,0.764216978568584,0.0145062919549644,0.0265285208123736,2.10250260378234,40,56.3598593790084,0,2,2.59446726832539,0,0,28.4503518871497,0,0.0272415475873277,0.00971427296171896,0.127780497539788,0.141770994337276,0.0846604534890503,0.911619570339099,0.30071037018206
30.9517394848336,6.55138963996702,0.960087367915548,0.0091952535067685,0.0236634213584475,0.0598337261471897,0.0270261657160334,0.0275005775144743,2.10899972287007,40,57.2786182630807,0,2,3.48143537109718,0,0,19.2989880137611,0,0.0242120395204984,0.014795132628642,0.16002604723908,0.229969189153053,0.945703420089558,0.576890412601642,0.486205151071772
33.3985310589234,6.71716905279736,0.476487376028672,0.0153407908859663,0.0203136549843475,0.993317464599386,0.00693228664501337,0.00788217254535994,1.71078318287618,40,40.7433038484305,0,2,2.12795435986482,0,0,20.3971445770003,0,0.00538727116305381,0.00891561374999583,0.0470978079363704,0.0442728204187006,0.368377713486552,0.81522191723343,0.377967538428493
35.2327937118214,6.8423178309578,0.591279930900782,0.00958593579474836,0.0246203766465187,0.248717225855216,0.0142089246381982,0.0019514380035107,1.55884272907861,40,34.0394536033273,0,2,4.98207790963352,0,0,24.8645295097958,0,0.00308446744456887,0.015605187152978,0.066524199442938,0.264041651878506,0.46851386805065,0.810635740635917,0.314934545895085
38.5836307759551,8.41973592467252,2.53309636353515,0.00765355020877905,0.0283938769823872,0.767597621306777,0.0287898612790205,0.0272543272466748,2.12110883323476,40,66.0539760999382,0,2,2.39351706719026,0,0,18.4379521035589,0,0.0173558154213242,0.00612440543249249,0.150669413246214,0.244402491557412,0.859921572962776,0.531810866203159,0.39959923713468
47.0563330758366,8.74773051292703,3.56087510031648,0.0114406100288033,0.00978038264811039,0.96415657363832,0.019327034532926,0.0283544892725651,2.42481575463898,40,50.2337391860783,0,2,3.68545822077431,0,0,27.5665427057538,0,0.0144402256049216,0.0179423878132366,0.0796203404199332,0.152707769908011,0.502568607451394,0.564767744974233,0.314329792046919
54.092830515599,10.4768792002844,4.39341256034095,0.0116161537845619,0.0271694196267054,0.429762529907748,0.00522495618354762,0.00428007187124109,1.61567950528115,40,33.2591235358268,0,2,3.98383265011944,0,0,16.5070456615649,0,0.0180261177686043,0.019769581387518,0.0177348576020449,0.192726240190677,0.288047229172662,0.617650517495349,0.245099862921052
23.8737994713477,5.58204512690743,4.14404705283232,0.00777340216212906,0.00448727470962331,0.98750612908043,0.00282315290380502,0.0247620842682011,1.8800795939751,40,39.1282087005675,0,2,4.09228163468651,0,0,17.8428213740699,0,0.0293760230555199,0.0068709127989132,0.143989203963429,0.119734984310344,0.265818500425667,0.878839224460535,0.281989409355447
54.7730222736893,10.9987094300431,3.62230499787256,0.00714453596621752,0.0268630873318762,0.0079514707904309,0.00865351663118228,0.0207084113550489,1.87193127744831,40,47.633547289297,0,2,3.94235402904451,0,0,18.2328149769455,0,0.012178281575907,0.0097843010420911,0.0563387549016625,0.161957442923449,0.636501864064485,0.591497208341025,0.300123266293667
60.1148205159363,12.7724567947519,4.08532691560686,0.0178370963572525,0.0198687317683361,0.582281626528129,0.0201888966621505,0.0189733546865662,2.44885887950659,40,62.838959461078,0,2,4.35981615679339,0,0,20.9215287398547,0,0.0225724456133321,0.013792797367787,0.117564325453714,0.21046661187429,0.0266205715015531,0.772375792614184,0.172940059215762
58.2831676073771,12.2708745761867,0.344498938182369,0.0127711077546701,0.0243507707347162,0.452897961484268,0.00308397067889338,0.00404404850872001,2.31218817690387,40,35.688254609704,0,2,4.74318766919896,0,0,16.1407110700384,0,7.85995507612824e-06,0.019865308648441,0.0981355685740709,0.0322666326770559,0.261974248103797,0.555944509455003,0.168199882376939
40.7767840546767,7.8277153689185,2.6279440918006,0.0192711642629001,0.0149434588011354,0.688776757568121,0.01990752664292,0.00932952636163216,2.30267726117745,40,46.3557143695652,0,2,3.26051496854052,0,0,20.9660954691935,0,0.0297797958436422,0.00810574682662264,0.170170813985169,0.073105101683177,0.179826374631375,0.693659373675473,0.000120179960504174
41.1267638390914,8.7623790927498,2.52523379994091,0.0102071477693971,0.0247493546218611,0.537096855230629,0.0282967323521269,0.00663084446968511,1.58065538504161,40,66.858971780166,0,2,3.16733923298307,0,0,22.7094446320552,0,0.0271947208419442,0.0102690109994728,0.128889823285863,0.154952220339328,0.593748854240403,0.860484414617531,0.0813169154571369
62.3032917004309,11.3879071277436,4.32850558427162,0.00589058071840554,0.0238194783669896,0.692559570539743,0.00885286706265993,0.0201187302390859,1.85041502513923,40,59.7551709320396,0,2,2.72785140201449,0,0,23.6636083270423,0,0.0128849471826106,0.0103230684110895,0.00913336919620633,0.0411442595534027,0.779284866759554,0.534261843073182,0.393205004394986
46.0818341300665,9.41993035853351,3.8218298839638,0.00743221540702507,0.00783237897930667,0.453128956025466,0.00789421708890237,0.00909099374917336,1.8772795216646,40,34.4930770248175,0,2,4.50104340980761,0,0,29.6027224115096,0,0.00706238609505817,0.00685050699627027,0.020191743131727,0.189554486609995,0.972392508760095,0.502816841937602,0.432858786662109
34.0369796509554,6.95682411392623,3.18235645524692,0.0117157594743185,0.0203688475135714,0.620067928452045,0.00323553998727351,0.0255427215332678,1.85071844886988,40,39.0602732263505,0,2,3.64019908965565,0,0,23.0809298995882,0,0.00875289618736133,0.013838087155018,0.17713387934491,0.270243727345951,0.340490402420983,0.865742187714204,0.211039425455965
74.5857964606691,14.8797861992708,3.95266444911249,0.0159285632614046,0.00288661782816052,0.576903408858925,0.0228573494163877,0.00204757750050398,1.68543862644583,40,41.3737240526825,0,2,2.37389247748069,0,0,17.6881185080856,0,0.0275438873819076,0.0136473342927638,0.100402161991224,0.277328521711752,0.350883045000955,0.663715607137419,0.245968233561143
27.2348480384092,5.1453412597488,3.0041515622288,0.0192277385026682,0.0245981510770507,0.214459216920659,0.000347451257479843,0.00226165536853485,2.37162880483083,40,42.946736915037,0,2,3.02003787877038,0,0,15.425356576452,0,0.0201829817262478,0.0194610883155838,0.137545204535127,0.0972485792124644,0.773711322108284,0.81177185382694,0.248954440583475
64.3371814820463,13.1304967543658,4.17390949500259,0.00531993566197343,0.0083842417569831,0.760184095939621,0.0149905544506456,0.000187841202290729,2.11949457856826,40,58.8984958641231,0,2,4.24800365348347,0,0,20.1567084516864,0,0.00287996630184352,0.0151062499766704,0.134956574440002,0.13786894781515,0.178869005059823,0.681055315886624,0.434849820449017
56.6396828168409,10.6230010105829,0.292326249182224,0.0112530619697645,0.014771502289921,0.74854402942583,0.0284944350108318,0.0212322966820816,1.81537199392915,40,57.8768331557512,0,2,4.51394428405911,0,0,29.1680183785502,0,0.0143430457566865,0.017570479986025,0.12471045195125,0.0890812582802027,0.310142006492242,0.926069583743811,0.279125923407264
67.1118575583712,12.945675118735,0.354287378140725,0.0103409751947038,0.020694267031271,0.316405825782567,0.0180060957646393,0.0209320987974876,1.83594458177686,40,36.7450009658933,0,2,3.36498985462822,0,0,26.7611708398908,0,0.024567887079902,0.0131752370495815,0.00345304477959871,0.044548961170949,0.349098195787519,0.536366685060784,0.351155284210108
63.7326829744082,13.0038291007333,2.65243305510376,0.0143842149316333,0.0190770654655062,0.560429702745751,0.0235986088622385,0.0240472741997591,1.99611205770634,40,31.2264211755246,0,2,4.96008565160446,0,0,16.4233369287103,0,0.0214557853946462,0.00577214282704517,0.185592872882262,0.118950234493241,0.340173827018589,0.942836805479601,0.448350101592951
45.1038585087599,8.03397215242134,2.10626343532931,0.00502064832951874,0.0191150664188899,0.326561240712181,0.00824924435886554,0.0252800465076766,1.65086388261989,40,41.7172968294472,0,2,3.00634239031933,0,0,25.4755448817741,0,0.0208789905603044,0.011615817642305,0.0154226824641228,0.0404669439420104,0.121560022933409,0.609899833099917,0.0400699516758323
53.3020278674618,10.6940033278476,1.45320836466271,0.00500705289305188,0.0253462397665717,0.585308934561908,0.00715678327199304,0.0184105746378587,1.5555565035902,40,45.3976271487772,0,2,3.86376285529695,0,0,22.4474701902363,0,0.0255182060762309,0.0117066543665715,0.0846846750937402,0.0581201552180573,0.241204226156697,0.59047173417639,0.105569288949482
71.1919242837456,13.0187936286843,2.98700364260003,0.00989430432557128,0.0103653234345838,0.793966918485239,0.0116214026134554,0.0133242246253882,2.02048989851028,40,68.6680935882032,0,2,3.79912312957458,0,0,28.9446621900424,0,0.0257193494145758,0.00679267956526019,0.0170965756289661,0.0547774713719264,0.0434007453732193,0.835142493247986,0.336325061507523
29.2883902377713,6.20132500192684,3.64439354126807,0.0111033770802896,0.00218546832865104,0.118056660983711,0.00356869213329861,0.0118369331257534,1.56934648007154,40,54.5552121941,0,2,4.71530145802535,0,0,25.3845735196956,0,0.0271856226003729,0.00872838396579027,0.0917257425840944,0.157998962025158,0.695142467273399,0.723502693348564,0.458827552385628
34.9615131033065,6.11106567021855,0.895788827911019,0.010849738123361,0.0294104207204655,0.0121000844519585,0.00583812966135098,0.00883010479355231,2.49728327360936,40,64.1671914607286,0,2,2.45734717650339,0,0,24.1125273064245,0,0.0141934676002711,0.0154418227635324,0.165668647550046,0.20687552432064,0.951612827600911,0.843733842833899,0.248769558151253
36.6459378288983,7.3213504080917,2.05462174513377,0.00857616152148694,0.0141475901296362,0.782502521993592,0.0090175515692262,0.0171261120032705,1.50431038020179,40,48.0096962489188,0,2,4.37747235852294,0,0,19.7990719182417,0,0.021934613683261,0.00592889070278034,0.0602382011711597,0.297735212277621,0.30298278783448,0.967313658911735,0.0499456842662767
50.1807107171078,10.482217807231,1.01972713507712,0.0124004792643245,0.0151656785719097,0.685784044675529,0.000748155670184642,0.028998441746172,1.92915308917873,40,40.0284712016582,0,2,4.85462666931562,0,0,25.8913037425373,0,0.018290764123667,0.0106210784811992,0.149689520616084,0.207784264488146,0.364899130072445,0.589987372048199,0.218572370242327
61.2524606551174,13.2707555241249,1.13170504267327,0.0157879045745358,0.0108711148402654,0.621354196919128,0.015406648961755,0.0112785593852377,2.25571565912105,40,60.8053334522992,0,2,2.16286388994195,0,0,26.3515924662352,0,0.0292291260953061,0.0194794348313008,0.0455782324075699,0.123225763323717,0.25858453894034,0.613213576958515,0.0749466471606866
18.0255414765013,3.95731586418606,4.3149737957865,0.0101969356881455,0.00648174242768437,0.65233677928336,0.0110117887558066,0.00387608511008788,2.38390612252988,40,40.3142979182303,0,2,2.87882580328733,0,0,16.4861959393602,0,0.0156608953373507,0.00654989308794029,0.173402122920379,0.0713570402003825,0.285855523077771,0.733650898328051,0.347277137916535
55.332711571919,11.7053643611828,0.219122953363694,0.00767469804733992,0.0194457847285084,0.450388766592368,0.0147026620699675,0.0153832196457288,2.39852026640438,40,31.0370520316064,0,2,3.79557073302567,0,0,15.4486085067037,0,0.00648069826886058,0.0124313367903233,0.150210956390947,0.100443369825371,0.025061022490263,0.661794957122765,0.345766277634539
62.2659817600317,12.386483688769,1.63165203086101,0.0086183619662188,0.00399527754541487,0.873032356612384,0.019384968517907,0.00210952782993438,2.04474513954483,40,36.4242732245475,0,2,4.37567721749656,0,0,28.071732823737,0,0.0234378929575905,0.0151662796654273,0.032854973198846,0.215219594934024,0.557647137437016,0.758330659358762,0.461604460142553
46.4174095899785,9.10199114067284,1.06756194401532,0.0168880827305838,0.0215047455229796,0.61506573157385,0.00774679803710198,0.0160106258435128,1.82042868761346,40,45.1666986383498,0,2,2.03328375308774,0,0,29.721481022425,0,0.0124857487203553,0.00922935779788531,0.144870064221323,0.0286236406769603,0.606145373545587,0.685370695195161,0.126616610097699
47.6249335705954,9.46086466206403,2.21683573443443,0.0189783123112284,0.0100989089477807,0.583451666636392,0.00963182494476438,0.0109050521505252,1.98656721413136,40,69.8700982611626,0,2,4.0682946939487,0,0,26.6300826659426,0,0.0211878517339937,0.00776167312404141,0.0140465288888663,0.15628530071117,0.105430427705869,0.557140187476762,0.487797369831242
27.1852322067775,5.25549943004061,1.79082904499955,0.0100159308186267,0.0157038628198206,0.347962112631649,0.0075136762623419,0.00338948470328702,2.11725979717448,40,54.0482522081584,0,2,4.32452411507256,0,0,16.2632234778721,0,0.00387750528752804,0.0132996926445048,0.0143522388767451,0.0122850186657161,0.767030188813806,0.752794887521304,0.345797252142802
22.0373563487933,3.85193697762838,0.0374286080477759,0.0052495246718172,0.0272666596546769,0.355637964326888,0.0210627192645217,0.0223320546324132,1.68890496133827,40,48.0454369727522,0,2,2.15397063549608,0,0,23.6460580083076,0,0.00997561090160161,0.0186810513457749,0.0679236161988229,0.141120929201134,0.191888835746795,0.724815669585951,0.178810998681001
50.2480283529867,10.2799350074524,2.08140530891251,0.00803579334868118,0.0105515456865542,0.828730972250924,0.0128727317225537,0.00602445869178744,2.3960678561125,40,42.6793450862169,0,2,2.17758309375495,0,0,17.2341085248627,0,0.0178071662038565,0.00907544427667744,0.177056063665077,0.170822434430011,0.00852118851616979,0.980339142377488,0.437575171235949
60.1794973123897,11.963683697722,3.71010747773107,0.00642339950660244,0.032959554052446,0.0688991630449891,0.00384156063152244,0.0180290188986785,2.45895331678912,40,37.9210759233683,0,2,3.76517444010824,0,0,22.6907732267864,0,0.0188905874197371,0.00997802629484795,0.0727551820222288,0.2069145510206,0.0187493329867721,0.870933393132873,0.110380148747936
18.956319754088,4.68180211501658,3.66185416874941,0.00694767133099958,0.00134246552968398,0.366034941747785,0.0240603313586488,0.0253328664290416,1.53796951728873,40,55.1217386685312,0,2,3.52458723238669,0,0,19.4343888096046,0,0.0153811574773863,0.0101790393120609,0.189489690633491,0.132087381044403,0.896257005864754,0.542379023041576,0.475445459829643
33.6264212483875,6.59871301921491,4.09673792752437,0.0137559442559723,0.0214687288468704,0.940397948492318,0.02187661852777,0.00587401818208629,1.68686890765093,40,34.9710558354855,0,2,4.54527828842402,0,0,22.0573602989316,0,0.0207307654526085,0.0144111085648183,0.00165918814018369,0.120865353243425,0.658680441556498,0.953550411388278,0.0463616532506421
67.9901565344066,13.9463536608913,0.00224990188144147,0.00901793149881996,0.0226626111669466,0.712295570177957,0.0239740903128358,0.0256600007616798,2.13557141763158,40,35.3574198950082,0,2,3.75566887925379,0,0,24.4955750007648,0,0.0068998701358214,0.0068241602787748,0.158042519120499,0.234188404167071,0.809445322491229,0.736066018580459,0.323746518464759
19.5296543057697,4.3479215737395,4.22868821932934,0.0118192710611038,0.0160966019476764,0.207997657125816,0.0262520522298804,0.0260975555819436,2.31110633094795,40,42.6798361726105,0,2,3.36129139782861,0,0,25.5388050014153,0,0.0270905462675728,0.00816276299767196,0.0408866241108626,0.0275282114278525,0.443273862591013,0.764635914587416,0.153386740712449
31.9412048141213,5.77569827829013,3.58773177000694,0.0129141647485085,0.00506045640958473,0.0398934765253216,0.00872660076481057,0.0129436808661395,1.81852038390934,40,57.2360454313457,0,2,3.19643263588659,0,0,25.61334546539,0,0.0116026852978393,0.0139320395549294,0.0926859678234905,0.106522358302027,0.777044686023146,0.748930575675331,0.156027011922561
57.8146035308872,10.7777764236602,3.39308472617995,0.0080011437588837,0.0240503856036812,0.298869147896767,0.014199430122925,0.00824432420180179,1.51697875210084,40,49.1960947122425,0,2,2.74031277606264,0,0,20.3623260604218,0,0.0299747223872691,0.0185197287320625,0.0989277760498226,0.245380825549364,0.263806701870635,0.69939875905402,0.0150628236588091
67.0643048580248,14.2751713250651,3.11037903057877,0.0199833016493358,0.00211530669266358,0.0890437017660588,0.00714480281467084,0.011516379982892,1.97759130992927,40,51.1243353504688,0,2,2.91994676366448,0,0,26.6277922724839,0,0.00538124423241243,0.0147409968916327,0.190838466119021,0.0801833559991792,0.199219759553671,0.626236269366927,0.0747530278749764
25.1724649859301,4.86456281136131,2.26978611946106,0.00681093667051755,0.0111630061762407,0.752739608986303,0.0127654689790402,0.000221338506806642,1.81784690869972,40,39.1661268100142,0,2,3.30782505776733,0,0,24.9434613261838,0,0.0134599993564188,0.0145680055581033,0.0641033601481468,0.169658403564244,0.349733100971207,0.730978668085299,0.495245952391997
43.3653234716285,9.40306149077186,0.259098520036787,0.0169682190823369,0.012884975918103,0.340597188333049,0.0189672041969676,0.013879030282849,1.50041839363985,40,68.763368492946,0,2,3.75934191374108,0,0,20.3157189697959,0,0.00250620200531557,0.00513509260723367,0.12837828961201,0.172700253711082,0.966168717015535,0.576906146015972,0.369511133409105
51.6974217751319,10.5620656317781,1.53726433811244,0.0160056385002099,0.0163507306962274,0.197911938186735,0.0099054428705154,0.00252577345827827,2.42631899821572,40,46.1395530309528,0,2,3.04207499115728,0,0,27.6763068430591,0,0.0148078520991839,0.00671519289724529,0.0508789587765932,0.197840618854389,0.295555872609839,0.557344316737726,0.26233231369406
39.6697266639269,7.25969595142153,3.20141279802192,0.00685116376029327,0.0059822064046748,0.521147035760805,0.0244185688259476,0.0106006676859129,2.01727824122645,40,60.4580680374056,0,2,3.1946739833802,0,0,25.9768598538358,0,0.011794393141754,0.0131298533745576,0.151812201645225,0.248730058106594,0.930201906012371,0.712383946054615,0.188878158805892
52.2403141321916,10.6288952695219,1.71356437448412,0.0147212141158525,0.0207918577091768,0.623940976569429,0.0266887337305048,0.00694902952965116,2.11521916789934,40,32.2001110203564,0,2,3.76731390901841,0,0,24.1749157151207,0,0.026124355327338,0.014138615016127,0.0648830313701183,0.117675798735581,0.882370889186859,0.719196227495559,0.110631022369489
45.5322783416438,8.79755836136202,3.52063049550634,0.0057692327525001,0.0214446848374791,0.0696302042342722,0.0297973419989552,0.00449387195783667,2.37548773479648,40,44.1733198706061,0,2,2.9509078564588,0,0,21.8241445790045,0,0.0124617953854613,0.0179908468364738,0.124906744994223,0.0399007155094296,0.893777642631903,0.674333406845108,0.111243347986601
34.2453317726203,6.53397550625645,3.82445391942747,0.00679456543410197,0.0314296712074429,0.685506854206324,0.0138754883845104,0.0134577858385537,1.8467716507148,40,56.129624824971,0,2,2.07262904220261,0,0,28.8512756314594,0,0.02071088535944,0.00804433944984339,0.0619015462230891,0.11104033368174,0.46996352262795,0.650274525396526,0.212226092116907
