"Cab","Car","Anth","LMA","EWT","Cbrown","Prot","CBC","N","alpha","LIDFa","LIDFb","TypeLidf","LAI","hspot","tts","tto","psi","cell.d","inter.c","baseline.abs","leaf.thick","albino.abs","lign.cell","Nitrogen","LAIu","sd","cd","h","skyl"
69.0123094638716,13.0177272310847,0.154976787976921,0,0.0324906602106057,0.502544020069763,0.0231367508895975,0.00191850417314097,1.78832516726106,40,64.2647337447852,0,2,2.7061992676463,0,0,15.476655322127,0,29.4412575662136,0.068340801843442,0.000539719619415701,2.39896562090144,1.00146995228715,2.01604414521717,0.905223171040416,0.246373720653355,787.692226516083,2.57364486390725,16.6829779697582,0.262920348276384
51.4010595441663,11.2985067016882,3.03479715494905,0,0.03469661177136,0.831016228767112,0.00148021356933285,0.0225418199893972,1.66307141096331,40,31.5109787043184,0,2,3.97798678465188,0,0,25.5087357969023,0,70.8883170492481,0.068843078603968,0.000778927306458354,1.56702122474089,2.24781795660965,1.34170851693489,1.31351405498572,0.510273852292448,449.942874116823,5.89625163050368,21.6997770825401,0.183027892501559
62.5932014866306,11.9999994919075,0.10832033213228,0,0.0196322066201828,0.837189655052498,0.0175890276499186,0.0136626036806824,1.86677814903669,40,61.806012801826,0,2,3.73868503957056,0,0,20.0734690320678,0,58.0418487417046,0.0442346601188183,0.000486439990438521,2.18746459046379,2.73947403207421,2.53636868577451,0.600982916168869,1.07231417098083,599.689972680062,2.24851317284629,16.6312485514209,0.181625264242757
51.3376919073883,10.0654813508969,2.58174904086627,0,0.0346567224855535,0.286412711488083,0.0110988502700278,0.0294602294180868,2.29605307616293,40,44.445062354207,0,2,3.10326260980219,0,0,16.5816564462148,0,33.6464642838109,0.0331058605248108,0.000412837083544582,2.68950254581869,0.612987188855186,5.96559047140181,1.35311806146055,1.28127073722426,893.444048054516,3.13242811989039,25.9161655092612,0.0684852611855604
66.1562650764587,13.4489377306521,0.864777246722952,0,0.0296203070417978,0.193733584135771,0.0127784894793271,0.00196245780294528,2.07793706515804,40,38.7924413662404,0,2,2.35329337138683,0,0,24.0510971134063,0,25.406969266478,0.0451016841409728,0.000458126337360591,1.42960377163254,1.41526683443226,1.5815458856523,1.60300025106408,1.27986349209677,367.740185139701,2.01837836462073,12.8654186520725,0.183321315457579
70.1228301054708,13.6466681055101,3.57178247510456,0,0.0202980114691891,0.429954343242571,0.012908522982779,0.017865204408986,1.68340348894708,40,35.6191795505583,0,2,4.88801671052352,0,0,27.8291892679408,0,50.6516423518769,0.0601322448672727,0.000741753555182368,1.67013501198962,1.15554930106737,4.57711538323201,1.57408198551275,1.05099579414818,399.705198174343,6.45125256548636,21.6050071176142,0.179809320147615
50.1287716334583,10.4474128332959,0.936867190059274,0,0.0330497734900564,0.50878140470013,0.0145494151033252,0.00199967374914326,1.74003932718188,40,32.6887568365782,0,2,4.04631026741117,0,0,25.2719377458561,0,52.3777563765179,0.0504590169200674,0.000485259724408388,1.71915064961649,1.17825578665361,2.1305436573457,1.63383809486404,0.461028323206119,320.042206719518,2.20244805840775,13.3490618458018,0.200434120325372
21.430852734848,4.43813053832491,2.42386227822863,0,0.0218874267251231,0.948319140123203,0.0261675268904679,0.0266872893187124,2.23209357564338,40,33.4479843452573,0,2,4.2788280849345,0,0,24.8534221504815,0,40.9371984528843,0.0596215583896264,0.00048412429522723,1.22658422850072,0.655015291180462,1.66674273810349,0.732776832534,1.39464497552253,889.147239318117,3.70634580776095,14.5698958961293,0.115791399159934
18.9408280873377,3.73297048623238,0.488305955892429,0,0.00462548633990809,0.0269080409780145,0.00118731361653423,0.0293592775682523,1.54343145992607,40,40.659538898617,0,2,4.26735436730087,0,0,16.2313336925581,0,65.3085092850961,0.0507074788259342,0.000415808275993913,2.73670270889997,0.02162682171911,5.63640880770981,1.2100831840653,1.26540961125866,674.60287171416,5.43969825073145,15.276344246231,0.0947095921263099
30.9784838029171,6.70533352349652,3.84184707992245,0,0.00670269833086059,0.364393510390073,0.0141217086341511,0.0032522061122884,2.13035356719047,40,48.5216511413455,0,2,4.54310276266187,0,0,18.5618640936445,0,67.4886831152253,0.0701331462198868,0.000777909921295941,1.94528609155677,1.09113642945886,5.47061328566633,1.65706350798719,1.2579412647523,858.652233146131,4.42709501297213,27.4057241389528,0.116502769303042
56.1059168970605,9.79670929219701,1.44547131063882,0,0.00833588384184986,0.879074401222169,0.00259839866809547,0.0266975272285542,1.54401090927422,40,36.8859880883247,0,2,3.2235962075647,0,0,28.9319625240751,0,73.1030363414902,0.0625268696807325,0.000497971194982529,2.55182492220774,1.57832018961199,2.01832196116447,0.882200642768294,0.524809393426403,700.767646031454,4.62567300233059,20.9893995849416,0.160034090525005
52.6452566483577,9.9601601535525,2.4333631665213,0,0.0285817721025087,0.832326457137242,0.00972714632648276,0.0105105790788401,1.66180576966144,40,59.4057551492006,0,2,2.54487059800886,0,0,21.6448766808026,0,34.6217344759498,0.0724523564521223,0.000712449027225375,2.49422512482852,2.53249018010683,2.28491459530778,1.46520152175799,1.36352139979135,628.727628942579,4.5379625626374,17.9339535348117,0.0847010504337959
44.7517014247139,9.95670599685478,3.51329108211212,0,0.0115666268989444,0.606027715373784,0.00560090639642673,0.0287507766448357,2.33326647453941,40,59.0117175783962,0,2,2.49867893964984,0,0,19.5083060127217,0,26.8832732969895,0.0206887722760439,0.000515294867288321,2.12763954238035,0.407973512308672,4.07002801797353,1.42354510324076,1.45382127538323,632.957151951268,3.27680659177713,26.0151955252513,0.254735604813322
55.9443176138699,11.4026597702577,3.09397674305364,0,0.0213930766559206,0.460342849371955,0.00372902597594075,0.0227711010039411,2.38298215647228,40,66.0199959948659,0,2,2.33046193886548,0,0,29.9494357954245,0,42.6212151953951,0.0732949740765616,0.000750143164116889,2.95470526353456,1.12940199254081,3.20749593805522,1.59340532706119,0.517647989396937,608.04447401315,2.2283189969603,27.0020318496972,0.277340664714575
74.9374246913089,15.7297159698261,0.477748633478768,0,0.0322547264611349,0.715817003510892,0.0233548762025381,0.0237442946254741,2.42797630792484,40,66.9075832422823,0,2,4.62912511173636,0,0,20.9427574148867,0,47.1280531096272,0.0797808151319623,0.000518300037644804,1.84939961079508,0.789925945457071,2.57797342631966,1.76614525709301,1.10421099562664,827.712528873235,6.01937264367007,21.716468767263,0.0754129306413233
55.385728847909,11.5540119069508,4.4518691097619,0,0.0238249485297129,0.834413299337029,0.00660922216441948,0.00447106710190652,2.07442017272115,40,30.4719936382025,0,2,3.06417373986915,0,0,23.8510050997138,0,35.761840910418,0.0500114900525659,0.000793410163186491,1.50671191262081,1.49355890904553,1.50656880484894,0.55826650117524,0.544202685938217,804.440256301314,6.97668541851453,24.6491436194628,0.0661359464400448
25.1617323343252,5.63200335877846,3.30619436292909,0,0.0113680862383917,0.300423142500222,0.00354224721078295,0.0259719851411832,2.10326011083089,40,68.1700906157494,0,2,3.43714448180981,0,0,24.0912167821079,0,47.1945964579936,0.0415380214620382,0.000635935022588819,2.60965320607647,0.0585757519584149,2.36323097860441,1.75836719162762,1.06897368521895,319.38634654507,5.61228525172919,29.7441849811003,0.179168332670815
60.5775838850784,11.8311779355929,3.19772291870322,0,0.00582038724282757,0.00658796285279095,0.00763384451683378,0.00621482877108036,2.28588500618935,40,32.5983452890068,0,2,3.52875196188688,0,0,28.1066328578163,0,28.5013801499736,0.0664947813376784,0.000703663351945579,1.25566301322542,0.261551429517567,4.26849698554724,1.30731589454226,0.928362066298723,772.254988923669,2.03029961022548,20.2020739624277,0.270031076576561
56.1764370100857,10.5098927608206,3.68796274100896,0,0.0238225607299246,0.534249622607604,0.00828474329291843,0.01359293636624,2.08497438579798,40,51.5988266002387,0,2,4.59737042733468,0,0,21.8962063919753,0,46.3785722246394,0.0550685150548816,0.000734430122375488,2.62095664548688,2.98788799345493,5.63935051113367,0.47850226056762,0.425909062172286,323.85162692517,2.28980884817429,26.5357426507398,0.0562405352364294
62.8066804188019,13.9688292094652,2.32036975992378,0,0.00690566805750132,0.840750830247998,0.00765213125932496,0.00152683795640478,2.02885555359535,40,62.1622715238482,0,2,2.65425981977023,0,0,18.3806801447645,0,78.6551309376955,0.0580385822616517,0.000705127787869424,1.49988661981188,2.8263966164086,1.13312335009687,1.06239193412475,1.05684956316836,407.199879968539,4.67458776244894,19.0112414211035,0.295986985159107
33.0921883691713,6.84419381087066,0.407854148419574,0,0.0233520559011959,0.112567092757672,0.0287284409212647,0.0290460308759473,1.96826361562125,40,31.6615615133196,0,2,4.71827293559909,0,0,27.6712614577264,0,40.9440762456506,0.0715199692873284,0.000566907970514148,1.25168261756189,0.373120353324339,3.79745598556474,0.812475018389523,0.628488347679377,819.111981242895,6.02958160499111,28.5137740662321,0.0503157828468829
47.7333937528882,10.1921167689483,0.480104407179169,0,0.0329128854712471,0.58786430163309,0.00180035730891861,0.000347897486940492,1.51882408489473,40,69.5602076128125,0,2,3.42188914772123,0,0,21.5204664808698,0,62.3109235079028,0.0540136603219435,0.000455229936353862,2.61471209535375,0.345567906741053,5.27086826064624,1.25441947071813,0.790889950096607,507.899439241737,4.58570856647566,19.4823671458289,0.14113441221416
16.7475832691317,2.82350917380998,0.0815061178291216,0,0.0316466609546915,0.592396799009293,0.0190182812636183,0.0178246833301452,1.75895522721112,40,67.1805689670146,0,2,2.12121086660773,0,0,22.5247407064307,0,65.4425779345911,0.0351798211596906,0.000432337984628975,2.68555415435694,1.10006431094371,1.37941524758935,0.569552432373166,1.16589853141923,526.82867590338,4.47089141397737,10.530381812714,0.157590823841747
55.7883519008715,11.1131471630349,2.53532058431301,0,0.00910881230514497,0.923087533097714,0.0152874205779773,0.0125532511336007,2.37844853661954,40,41.1401925329119,0,2,3.64993271720596,0,0,24.0921161917504,0,35.777620319277,0.0751281928736716,0.000662393050454557,2.93743275236338,1.41312010679394,2.02914428105578,1.28118311106227,1.42681030442473,405.801278539002,5.77794985310175,12.0629325555637,0.272598404681776
36.4070343522094,7.31138232958768,1.82517237507273,0,0.0187285440582782,0.897441626759246,0.00510177876051515,0.00259778797766892,1.90482545108534,40,40.2410352323204,0,2,2.41392295015976,0,0,24.5771255751606,0,78.9296821050812,0.0720410122908652,0.000640801543649286,1.88155412189662,2.35251733660698,3.47944823349826,1.39673742400482,0.410110828536563,494.071697071195,2.75625781901181,16.5925098257139,0.280472645198461
71.3493092474656,14.5247642654671,3.1169988156762,0,0.00986142693972215,0.432594005018473,0.0122960222077928,0.0136393354739784,2.24653696501628,40,59.5419799815863,0,2,2.6699963840656,0,0,28.3897797320969,0,65.7836841035169,0.0349123218143359,0.000662798331864178,1.51389538971707,1.47117843828164,2.30928472033702,1.25691590127535,0.900932924379595,736.800609296188,4.19502098741941,10.7587660336867,0.218972979590762
33.8564180943288,6.9855684499908,0.783209577435628,0,0.0110345506807789,0.331694340799004,0.0138661857717857,0.0189971219250839,2.22321028402075,40,60.1520679425448,0,2,2.52082680352032,0,0,24.2412862123456,0,27.8295451938175,0.0441728727100417,0.000531726865470409,2.2867507242132,0.305852864636108,3.07980725332163,0.448200926277787,1.30465081352741,704.895676067099,5.8192039472051,22.9766917228699,0.22132594587747
40.8781609175899,7.73793048624294,2.5074949603295,0,0.016734429594595,0.405702093150467,0.00257597184265964,0.0156603954599518,2.1921825511381,40,66.1053159181029,0,2,4.65606584702618,0,0,25.3417484415695,0,54.1616854968015,0.0661778105609119,0.000791789688169956,2.64983472051099,2.83037917292677,3.19574999762699,1.33224710184149,0.470437606889755,429.899932583794,4.22612529410981,15.5086356075481,0.0956737811909989
48.3855468375504,9.2863491642792,4.49473972711712,0,0.0231795851746574,0.725169415585697,0.0185512677228404,0.0143712519616936,1.96563671715558,40,35.709908939898,0,2,4.73387941834517,0,0,21.9428074266762,0,63.2703133439645,0.0271691224724054,0.000686074453685433,1.2660229365807,2.11841850704513,1.9118895966094,1.31415418712422,0.778652561013587,830.861494503915,2.24430465651676,23.127914131619,0.204554189764895
18.9183936962075,4.08629143438949,3.32766387448646,0,0.0340279322657734,0.811869174009189,0.0128309877546201,0.00843099161558086,1.63255340442993,40,53.1993280071765,0,2,2.42027212306857,0,0,22.4476095743012,0,62.8705801861361,0.0316816976992413,0.000749052121955901,2.51923919990659,1.50679270969704,1.39164133020677,1.03260181560181,0.698117192648351,684.064483316615,5.70455692405812,21.6747679561377,0.0617198131047189
40.0910426019393,7.68390489337918,4.1830586126307,0,0.0262497289073654,0.998961411649361,0.00124825787330512,0.0171573922024737,2.083586510038,40,54.9909373745322,0,2,3.21830618940294,0,0,23.1548392062541,0,26.7176678939722,0.0298741548927501,0.000793313498795033,1.58749078488909,1.58980432944372,1.08884978014976,1.12352574262768,0.448182254657149,419.738236768171,5.31624918850139,10.7465790305287,0.166248709557112
39.7304518836622,9.49144621517571,2.36460705078207,0,0.0317579184146598,0.105568749364465,0.00699036337510217,0.0210573387522157,2.4106764823664,40,55.0157790910453,0,2,3.67527900077403,0,0,26.5194823010825,0,37.4059393990319,0.0597923948755488,0.000487425197195262,1.22880565957166,0.775279045337811,4.64089986658655,1.3472551160492,0.574020788702182,348.057289235294,4.28719044127502,28.6034564580768,0.149323582311627
19.5510111508099,3.94283121019121,3.90213967685122,0,0.0237791210412979,0.128762041917071,0.0268988505352591,0.00465945918773301,2.26009772368707,40,31.9524909183383,0,2,4.39613903290592,0,0,18.3614640589803,0,41.5456943376921,0.0713945002714172,0.000665812025684863,1.43148464094847,2.13526025111787,5.85422512399964,1.63330633169971,0.583455186034553,413.824704755098,6.38071833807044,10.5037510255352,0.22462394858012
60.6742825685676,12.1074248201397,3.56983460253105,0,0.0305641020131297,0.828691892791539,0.0243656384609407,0.0171031383711332,2.38075316068716,40,46.666120775044,0,2,4.03861130983569,0,0,18.3911901991814,0,60.0056088191923,0.0755927869025618,0.000555825615208596,2.43491358733736,2.90538764954545,3.67608794034459,1.42372081647627,0.638995045237243,757.297725230455,5.62216157955118,14.9914239626378,0.275401492789388
10.8215811198841,1.80805078615293,2.13226718874648,0,0.0168683504476212,0.337187368888408,0.0134960758887953,0.006277168365994,1.88276332803071,40,66.0542723350227,0,2,2.12813784112222,0,0,21.3107450329699,0,51.3463502342347,0.0531426556780934,0.000418425455596298,2.35549427610822,1.98323336918838,1.83245383924805,0.958067741338164,0.861979366629384,604.110058536753,6.4198397686705,11.3763511599973,0.0953105558990501
34.9867006847248,6.9623720904912,0.166556414449587,0,0.015873748505488,0.300496239447966,0.021684092776,0.00406048026306787,1.64987211301923,40,56.404218589887,0,2,3.31395857757889,0,0,27.2637873154599,0,48.7694191979244,0.0546239416627213,0.000646765823289752,1.78920933636837,2.3887517710682,1.29087825329043,1.00272891521454,1.36782589268405,720.693754591048,2.78879696433432,18.9494404103607,0.25869171054801
36.7130037982316,7.66598330171813,1.55959917220753,0,0.00117019373038784,0.522852098802105,0.0252178173424397,0.0276831774921855,1.89233624911867,40,47.5304767675698,0,2,2.95510643837042,0,0,17.1637827786617,0,63.853861077223,0.0612468647351488,0.000639389997720718,1.89746756614186,0.219627396203578,3.2956950950902,0.603570285486057,1.3965722464025,671.598782669753,2.17254187376238,22.3782511800528,0.136953773163259
11.2999399323753,1.60767273473859,2.0876344187418,0,0.0259940644633025,0.142637328710407,0.00635685889655258,0.0105393899196479,2.48022898822092,40,59.225927265361,0,2,4.02990332618356,0,0,27.6749071804807,0,77.1717116970103,0.0346830937778577,0.000562741451989859,2.47350071165711,2.6542286532931,4.11399410711601,1.03156846105121,1.48922418162692,333.170970529318,2.30878172023222,12.4405336240306,0.0675892199040391
49.446191253586,9.19381575881394,1.40254486456979,0,0.0291850136648864,0.557037080172449,0.0288627324226755,0.014403514695242,1.54017158853821,40,47.9047564882785,0,2,3.80011977348477,0,0,17.9111817281228,0,34.9186322430614,0.0226770295016468,0.000743331259861588,2.45577976908535,2.48010113043711,3.97409600694664,1.21029408825561,1.4337411157554,450.142597546801,5.16840986604802,17.986726523377,0.29741514516063
25.719596987901,4.72196890673964,4.26397300581448,0,0.00941297129075974,0.277144700987265,0.0295104863654589,0.00295925123442896,1.70984639925882,40,64.7785632591695,0,2,2.68793584452942,0,0,27.5705734302755,0,36.9294932065532,0.0745912734000012,0.000607072473969311,2.86618217909709,2.17729187803343,4.71509118704125,0.498583968821913,0.53829620461911,611.410714220256,3.51661646552384,21.9316360680386,0.279633139737416
33.1117706630639,6.35542212890724,2.25029267929494,0,0.00467387374304235,0.412807936081663,0.00517411973000038,0.0134422650819062,2.20326913893223,40,68.8611321337521,0,2,2.40384668018669,0,0,20.0710301427171,0,62.4089604674373,0.0242408731533214,0.000791717364173383,2.02623190409504,1.10198706504889,3.62140067177825,1.4392566523049,0.426578183774836,643.531897338107,2.00195830361918,11.5863407356665,0.274509211024269
15.204681355638,2.24445698421624,2.3381982492283,0,0.00611945071769878,0.980025469325483,0.0155968356572604,0.0140263827486616,2.15979689382948,40,66.5521098300815,0,2,4.83394274115562,0,0,28.5865888756234,0,52.4365085794125,0.0798134884051979,0.000406806275062263,2.27271756380796,1.5702852497343,3.48412625165656,1.16890898887068,0.383679773379117,747.713026916608,3.79495790274814,28.247985416092,0.0552409949712455
22.5247933769552,5.64906504509069,2.58526833902579,0,0.014993527257815,0.565375932725146,0.00235473897647113,0.0119140421505226,2.0288656631019,40,32.1771243866533,0,2,3.63768048910424,0,0,25.6014441337902,0,60.2923641633242,0.0567111450480297,0.000669379130378366,1.49701978135854,1.40963673801161,1.07359401322901,1.28836198109202,0.349019576259889,460.421653836966,4.87758303573355,21.9702351558954,0.141952121059876
17.7633828637513,3.09545043023116,0.403620846220292,0,0.00237442023539916,0.117759147658944,0.0067585651853797,0.000169925116677769,1.76199456467293,40,48.0878269486129,0,2,2.01709058950655,0,0,29.1767070419155,0,61.3156392076053,0.0303535307431594,0.000548507952876389,2.22043761201203,0.295699157053605,5.78959562256932,0.591280017280951,1.44044335961808,480.221369303763,6.55995440832339,22.3712714482099,0.10042992363451
60.0075018802596,11.5050396646042,3.94888202520087,0,0.00679986931337044,0.334882270079106,0.00656650693902513,0.0257498358099256,2.49373229406774,40,67.3530265875161,0,2,3.1605418168474,0,0,23.8297358946875,0,30.2813286997844,0.0745664579095319,0.000767204254865646,2.81653926791623,1.54810473066755,3.26544617558829,1.70232689538971,0.394664903637022,594.589894730598,4.78267310932279,12.879611197859,0.293190456356388
49.8927734435087,9.10812140059709,3.37735293642618,0,0.0172130307122134,0.223736588843167,0.0239310498732654,0.00841886810591677,2.24967847089283,40,61.8790941312909,0,2,2.78923365892842,0,0,22.7382984082215,0,67.1080090175383,0.0222470700135455,0.000671191237866879,2.27005010610446,1.34920148248784,5.90765924565494,1.31156609547324,1.49437944004312,564.562627393752,2.78640358988196,29.4447478977963,0.275950864842162
65.8805308576177,13.6994120087037,0.334290959872305,0,0.0317850042954087,0.195008686045185,0.0255685276674107,0.0160441614126274,1.81392412493005,40,34.239004123956,0,2,2.66042620921507,0,0,18.767955325311,0,67.3321142361965,0.0556132274214178,0.000666060984507203,2.69704185440205,1.64838464325294,3.72352583007887,1.14019298134372,1.38294376228005,327.504946198314,5.51135928882286,11.8539251899347,0.130485591955949
42.0706514408054,8.46402257196174,1.91564302740153,0,0.0187262244252488,0.217435393016785,0.000160740321211051,0.0202278797345492,1.76577593688853,40,68.3788970299065,0,2,3.95188991073519,0,0,15.9716765431222,0,79.4891771755647,0.0342186532914639,0.0007024164352566,2.26813505706377,1.94851856958121,2.80021200561896,0.715161544084549,0.227201174362563,492.886351095513,5.03230026271194,29.8948222724721,0.221672717668116
41.0358424794698,8.60428419871852,2.43712164857425,0,0.0161790284151211,0.854506037663668,0.00192231634662952,0.0151944488241663,2.25004995986819,40,32.1915025822818,0,2,3.87597316061147,0,0,15.0305443292018,0,78.3786496589892,0.0743778360029683,0.00061713486192748,2.60214714054018,0.477104478282854,3.51573052257299,1.77657361738384,0.47365056546405,545.194999454543,4.32019855873659,24.7826094506308,0.102365216368344
52.962572074295,11.2963597644613,4.2711894325912,0,0.0223701718528755,0.38838763278909,0.0113467227752646,0.00264640537776053,2.00021852809004,40,54.7650586906821,0,2,4.64372916286811,0,0,28.4833467321005,0,46.4050518337172,0.0691323790419847,0.000495715239364654,1.91598896454088,0.881252376129851,1.37316816160455,0.552668299898505,0.856063845776953,886.698270589113,3.49583821534179,16.6670972574502,0.297654566483106
53.2416280376923,12.2113967602952,2.99143931956496,0,0.0220356153296307,0.672664671670645,0.0132337950933096,0.0230450277487445,2.07324612536468,40,58.1426424905658,0,2,2.99140015034936,0,0,23.5628736682702,0,50.3652555553708,0.0619897614326328,0.000603557428903878,2.72978899329901,2.67385460087098,5.84895945177414,0.497923724120483,1.03403802190442,781.187715707347,3.93506595911458,13.5217094188556,0.0982264122110792
62.0953462247854,12.3842790882094,2.38929583865684,0,0.00754372455505654,0.78534979512915,0.0202640312336269,0.0067972763068066,2.05031946045347,40,61.9409470353276,0,2,2.68483378947712,0,0,23.7753352650907,0,42.3382963833865,0.0332000197516754,0.00056690574856475,2.53532204660587,1.76423587789759,4.24250656878576,1.48870370965451,0.857792336214334,364.130206173286,2.02119617303833,29.0204096958041,0.234008617128711
43.2220557787484,7.93766943791733,1.73249130381737,0,0.0279356076158583,0.32222911901772,0.0237167304983595,0.0165205398578243,2.06739034270868,40,64.2606481630355,0,2,4.01267168461345,0,0,15.2177273039706,0,34.6071741683409,0.0636794563010335,0.000690779541153461,1.77202239478938,1.89969468978234,5.9228273332119,1.32165112458169,0.983510036836378,609.284595865756,6.69397266861051,13.7284996220842,0.0816426175413653
36.1099565760576,6.88660295722099,3.54428092273884,0,0.0188366364385001,0.62056508869864,0.0263121065344801,0.0135286768590519,1.97606960055418,40,47.7427271194756,0,2,4.79968868778087,0,0,18.4565617970657,0,54.2365447420161,0.033025067737326,0.000655074220709503,1.40102440291084,0.778528429102153,3.68066628486849,0.762883841106668,1.2841954089934,387.364127067849,5.18294533994049,25.5051160603762,0.166564515396021
70.6615558028856,14.8279723864424,3.4736373773776,0,0.0253307872782461,0.503795788390562,0.0111762903883145,0.00236897039768985,1.89336570212618,40,39.802115438506,0,2,4.32668629195541,0,0,15.1425810798537,0,52.1500358823687,0.0473738118959591,0.000558563982043415,1.38197165764868,0.954638181254268,4.80529702524655,1.68567298268899,0.774067187285982,571.144350478426,5.38180404040031,28.0456605460495,0.263143436296377
58.8045794423426,13.3759607566015,2.689912132686,0,0.0143766496283934,0.526112360414118,0.0241217594740633,0.0260527265935834,2.22926639788784,40,49.0156556665897,0,2,2.5949969375506,0,0,18.1733206787612,0,67.8619744279422,0.0399679854977876,0.000783793042972684,2.64017594670877,1.01776164304465,3.8219286352396,0.608194485493004,0.762713177478872,731.029963865876,3.19037703960203,28.3262849226594,0.0682650308706798
68.6342908790515,13.3204127851074,0.037558363052085,0,0.0226265881578438,0.478294456843287,0.0176450073892251,0.0039177717649145,1.71370284026489,40,63.4065741393715,0,2,4.63063633395359,0,0,22.6197228720412,0,36.229808855569,0.0541011601127684,0.000519463211949915,1.88390413597226,2.28228341555223,4.89227151754312,1.29695267891511,1.25612621726468,628.201023722067,3.51234457152896,29.3156778486446,0.16641077848617
49.8951664011345,10.4058866150067,1.38112185895443,0,0.0208553403010592,0.954793732846156,0.000155090511317831,0.00134630810744828,2.3598351017572,40,54.0831131488085,0,2,2.05071380268782,0,0,27.9522342549171,0,64.236850340385,0.0351323434896767,0.000420080466289073,1.29486174909398,0.0326173924840987,4.19530494278297,0.681733793672174,0.796771865012124,449.763141106814,3.38235521735623,27.3736275080591,0.164428933127783
73.5967039094444,15.2482797004927,4.48736345325597,0,0.008566608118359,0.889958041720092,0.0256427681390569,0.00813405484537594,2.15267028450035,40,38.5373456124216,0,2,4.22210129839368,0,0,15.9743172617164,0,28.586886144476,0.0478408140037209,0.000630474968254566,2.97571565592661,0.189412016887218,2.89480367815122,1.44106984115206,1.16673372406512,339.167573489249,5.66362613160163,22.7644602255896,0.271506190369837
42.6177630773436,8.50928521967569,4.30047654930968,0,0.0174475983399898,0.349162900354713,0.000158963489208836,0.0224268501552031,1.94819695269689,40,39.3643256928772,0,2,4.76958809653297,0,0,20.4649393865839,0,44.4813739357051,0.075059630414471,0.000487162322830409,2.2875131404493,0.791525376727805,2.79765335284173,1.586692399811,0.769212811696343,658.100745733827,5.76333608990535,19.7741044312716,0.191962770314421
64.5515558489094,13.1658972588569,0.368171937880106,0,0.0209909137962386,0.0605401769280434,0.0151823899523471,0.0194814610896143,2.1163546659518,40,57.5306992791593,0,2,3.23437371524051,0,0,23.5264809604269,0,70.3859681566246,0.0783706530742347,0.000450342508312315,1.46780890119262,1.78150976565666,5.22115708119236,1.59509022212587,0.681175906467252,429.313975665718,6.14710211683996,10.9344978956506,0.276908639655448
37.5518574934219,7.99984935156114,0.189349366701208,0,0.013352191849146,0.797278557671234,0.0180259535412281,0.028181427262791,1.96297697233967,40,48.0396815575659,0,2,4.05026482068934,0,0,28.7074036162812,0,40.060003483668,0.0691449467977509,0.000775261074770242,2.16976830996573,0.892680087592453,3.28374590398744,1.524777601799,0.382861277763732,372.93582027778,2.86518801865168,21.6735567059368,0.0976196716772392
43.772422940547,8.02995867133219,2.60513937450014,0,0.00967356563778594,0.422115225344896,0.0130444272253034,0.0139723322713189,1.65360636799596,40,58.0068385321647,0,2,2.32124903146178,0,0,28.2643086242024,0,56.3524723076262,0.074175427891314,0.000720510050840676,1.42642060853541,0.283868316560984,1.89517145301215,0.433427470736206,1.38460467066616,617.369701573625,4.99899772275239,26.0831919498742,0.22019873886602
47.3353820903629,10.2142937220205,0.791804453241639,0,0.0206849393313751,0.788328999653459,0.0199432234705845,0.0253009612390655,2.25465788668953,40,46.8216219451278,0,2,4.04383454308845,0,0,24.6472169668414,0,43.4645494353026,0.054881962640211,0.00070322144785896,2.93372715655714,2.28376608062536,5.83104597893544,1.51352880070917,1.00193917814177,562.808236526325,6.758057333529,19.878906304948,0.0953660957864486
26.1800932998416,5.64528227106775,1.04528639407363,0,0.00869332110648975,0.926061538280919,0.0246457289971784,0.00702816249333555,2.01494420599192,40,50.7513392902911,0,2,2.60612520901486,0,0,23.1888711161446,0,57.7944533876143,0.0663805088680238,0.000613026065658778,1.28448302596807,2.31743054254912,4.56705975835212,1.64117071474902,1.18227999096271,479.853344382718,5.07615436380729,28.1790975527838,0.0653090134845115
57.6770553699678,12.1413275780271,3.59688246028963,0,0.0212407893538475,0.338290560059249,0.00183563578860834,0.00560804347725585,2.14534609974362,40,42.3822952061892,0,2,4.45574399107136,0,0,19.7471997316461,0,35.5334917339496,0.0797073815856129,0.000618721909914166,1.49053652845323,1.20597117953002,1.12443015584722,1.24005227382295,0.567488998686895,331.156630860642,4.48163651674986,23.5395458573475,0.0595543898059987
53.4973495118207,12.166438881615,1.47939002292696,0,0.0166080316095613,0.125063996762037,0.00318446813661838,0.0101940435233293,2.28025204828009,40,67.8564936667681,0,2,2.65565301082097,0,0,27.5427720334847,0,77.1270165767055,0.0626582749839872,0.000438370601646602,2.88567736689001,0.177248859079555,4.13228247105144,1.00590343303047,1.08616639301181,857.725151348859,2.42078455677256,29.6489646984264,0.200573161314242
42.5668819629343,8.55447973990963,0.61632134753745,0,0.00395487028406933,0.385723114712164,0.00712947345782537,0.0221824746013666,2.46266365144402,40,58.7211377266794,0,2,2.78981081652455,0,0,19.879500704119,0,54.8364224773832,0.0328965557413176,0.000555339900963008,2.94722645217553,2.25074365292676,5.13960661040619,1.68838612446561,0.478014523745514,507.588332472369,2.53000606247224,14.9809857271612,0.214655118482187
30.8698343616683,5.98598341914366,2.21294505195692,0,0.014234695373103,0.757206361507997,0.0255358068758924,0.0268612800270552,2.20406789588742,40,40.3786297421902,0,2,3.45599734340794,0,0,27.9448482510634,0,54.953186637722,0.0375054577970877,0.00046894075544551,2.47849329463206,1.5849670660682,4.21534515824169,1.26242019915953,1.29323794338852,825.706246029586,5.51247012498789,23.3010851731524,0.0961575275403447
26.0002273771779,4.83068195066649,3.82137599866837,0,0.032202506464906,0.685413956874982,0.0185840818855655,0.0249508575336705,2.41249362612143,40,62.2114228457212,0,2,3.14713963423856,0,0,28.9445764396805,0,40.3228434675839,0.063305583759211,0.000676290339231491,2.79316367469728,0.82741535268724,4.54242130881175,1.01000542221591,0.998311332380399,634.240767778829,5.17999870865606,27.428792687133,0.204871445614845
23.1572985551696,3.01283422301275,4.0877068071859,0,0.0225873327255249,0.187134515261278,0.00702015628940426,0.0186494476865418,2.1998415577691,40,34.1622188966721,0,2,3.24082139437087,0,0,23.565348131815,0,49.568635802716,0.0719969421997666,0.000670083401445299,2.95837556985207,0.783712650183588,5.35363576747477,1.65622617416084,0.288707368914038,486.226687626913,5.64193681511097,12.2002525813878,0.297268932405859
68.5653694720346,13.1592071147565,0.786906337249093,0,0.0180547788818367,0.977456240914762,0.0114364897502307,0.0272677000396256,2.04346647392958,40,67.6678875274956,0,2,2.66091718967073,0,0,28.1679606658872,0,45.4331151407678,0.034307186389342,0.000778517939057201,1.26281935852021,1.63149350672029,2.40906290849671,1.47661893106997,1.3243713096017,402.5019956287,6.72031397628598,23.9291273523122,0.284262216079514
60.1606772471966,11.8042342196712,4.08995391579811,0,0.0217863389365375,0.310976003063843,0.00746989316137507,0.029034296520045,2.04490686021745,40,32.0230996981263,0,2,3.74137224210426,0,0,19.0927051333711,0,26.5433535876218,0.0202697784826159,0.000478487808816135,1.98976308451965,0.597002337919548,1.86612420971505,0.579362061619759,0.490057004871778,422.74282858707,4.74634470464662,14.9736993014812,0.150461328634992
57.6739543252395,11.4093886927732,4.17081587389112,0,0.0240282797277905,0.835980309173465,0.01371096661421,0.0261351834660978,2.22605039225891,40,35.839792592451,0,2,3.30848712334409,0,0,15.3701771353371,0,50.6292954960372,0.0766109878523275,0.000787455000914633,2.3600455690641,1.93516431748867,1.54835009505041,1.15408636867069,0.780127540742978,533.939163107425,3.90472617279738,19.6729522338137,0.222219784231856
56.0172541182771,10.9895512755659,1.28955670399591,0,0.0199555878480896,0.235368305118755,0.00773339831229765,0.0291336330591724,1.91795664629899,40,66.8515034858137,0,2,3.05259337089956,0,0,29.7149924898986,0,46.451726303203,0.0462882320256904,0.000554838510975242,2.9906983283814,2.25071953819133,3.93111095787026,0.580622716294602,0.52608024647925,408.540809853002,5.89227215317078,11.4877542573959,0.0566800370113924
26.1521123403502,5.53741980040108,2.29981306695845,0,0.00928205394698307,0.439715814543888,0.0271451646029926,0.0174910884250072,1.9514112372417,40,34.393953429535,0,2,2.80322147463448,0,0,21.2019827042241,0,26.1035869759507,0.0650361996935681,0.000660137559473515,1.7663927171845,0.812933503417298,5.25360663677566,1.11535083753988,0.826046360540204,826.24399275519,6.2991228448227,20.9553989814594,0.278819310141262
37.4898189076306,7.60443576701923,3.9738002163358,0,0.026994620448444,0.694117273436859,0.0274574992990866,0.00627653827094706,2.40434353961609,40,40.1567166205496,0,2,2.43640128034167,0,0,18.5336583084427,0,45.7334010233171,0.0600689458660781,0.000725838481448591,2.74058753913268,2.62686572782695,5.60763088194653,1.16130976751447,0.623310419754125,311.674378439784,3.64702920475975,21.225792937912,0.108131057885475
53.872026047026,10.9737128858913,3.51807382225525,0,0.0126055121319368,0.811508035287261,0.0112059593406785,0.0077082329705311,1.61938240309246,40,53.7741627637297,0,2,2.90247926930897,0,0,24.2528528929688,0,55.7952061947435,0.0444783920887858,0.000428385909087956,2.17260782676749,2.55522952205501,4.37830950971693,0.738486525835469,0.317803201614879,453.198531176895,4.98058026470244,14.3565718177706,0.188631840934977
54.8853907970318,10.183645979175,1.443918220466,0,0.0280851430185139,0.46198143530637,0.0207032856165408,0.0163602791787707,2.3940931877587,40,42.5926368497312,0,2,4.03887232509442,0,0,29.2229035135824,0,72.1395972324535,0.041074928897433,0.000610732129588723,2.77215123418719,0.137547932099551,2.75294081214815,1.5244017613586,0.90824686572887,731.149022514001,5.8883903704118,19.206621022895,0.253126413631253
44.4183740797445,8.61765265851475,1.25652656145394,0,0.0131173398303799,0.516040584770963,0.0191342050663778,0.0215982630885881,2.43788330210373,40,41.9671955704689,0,2,4.71872198558412,0,0,29.2796590842772,0,46.1645341059193,0.0642854936886579,0.00070538993049413,2.12805411508307,1.14317057677545,1.04329037386924,1.72707921424881,1.17457232913002,378.663455229253,6.02916999533772,27.8241476975381,0.293725043721497
28.1355021951026,5.14531512584112,1.71072755183559,0,0.0158977450411767,0.219849592307582,0.0105466480436921,0.00901303728922969,2.33295515808277,40,37.3780053295195,0,2,4.18444636603817,0,0,21.7885135556571,0,54.0354369592387,0.0598571295710281,0.000574154656939209,2.76502673635259,0.54993616277352,3.15449396288022,0.970305883511901,0.36950122253038,505.96998911351,6.04408014612272,23.8549720449373,0.128307201736607
61.2515190791839,12.3598285361543,2.97159538487904,0,0.00268973384704441,0.773492436157539,0.0195334465494589,0.0119603571459698,2.41771833621897,40,54.8344822321087,0,2,3.44909011526033,0,0,21.3249744800851,0,58.0350638029631,0.0251134820096195,0.000620988934393972,2.74174067024142,2.76539892400615,4.62467548577115,1.12064238791354,0.638719852967188,781.580929365009,4.54726004088297,13.2021463103592,0.172935950639658
46.0684378270256,8.97342873415312,1.51085133722518,0,0.0186481109084561,0.672048158710822,0.0132839800711162,0.00104208091173321,2.02719480660744,40,37.3746644239873,0,2,2.31378083955497,0,0,17.6892016245984,0,39.3754247063771,0.0713679294008762,0.000481612258404493,1.82222973117605,2.71856054663658,3.06128193531185,1.7741585905198,0.644097727257758,343.785874871537,4.24071059608832,20.1458807988092,0.120176994195208
27.7537942236473,5.37013977942337,2.11112123646308,0,0.0346882879775949,0.726222674362361,0.0198196595401922,0.018746982570556,1.5615123573225,40,52.345074173063,0,2,3.92876660986803,0,0,21.7424760013819,0,40.9527588845231,0.0246189993014559,0.000412410407140851,1.20018664444797,0.578829953446984,3.75431197602302,0.895861419383436,1.08200029078871,321.903699729592,6.08149160677567,18.1379613792524,0.219088547234423
47.8713101099053,10.4326371191192,1.92779359035194,0,0.018587934052106,0.634310347959399,0.0213270358623448,0.00234818250506651,2.05658759060316,40,69.2825884744525,0,2,2.09081181045622,0,0,23.9395817485638,0,51.404134570621,0.0711706882016733,0.000787882823683322,1.56932354159653,2.59312583017163,1.78180285054259,1.03817620691843,0.736849460564554,568.248033290729,3.99517208267935,22.3130853706971,0.0819651250028983
41.4666757035147,8.05842924885518,3.1176830031909,0,0.0345593797443435,0.447243937756866,0.0152302679588948,0.00321106999286683,1.83175278711133,40,43.1513653043658,0,2,2.26933187805116,0,0,27.8777773864567,0,75.6003050401341,0.02638081765268,0.000471445237565786,2.90139688323252,0.0398178056348115,1.21500646602362,0.70803458886221,0.733328089094721,814.828260429204,2.41019368218258,13.8136806385592,0.182265619584359
37.8596899115799,7.14044251226905,0.229440764989704,0,0.0234835871970281,0.51752247242257,0.0193496870845812,0.027833069491433,1.87196611030959,40,40.221191579476,0,2,3.27455851132981,0,0,21.1430142307654,0,47.0396101567894,0.0490881694108248,0.000711317114345729,1.70640032356605,2.65698101883754,4.42322056530975,0.5145662330091,0.706269022612833,628.661007340997,2.01577325281687,23.7428940506652,0.162268264114391
27.4282071067846,5.88987317401489,1.08388131670654,0,0.0336120518255048,0.673704254440963,0.00580261968782172,0.0126825103724492,1.57572236401029,40,62.3274320270866,0,2,4.79657641169615,0,0,15.2712057635654,0,36.7244991159532,0.0348331466224045,0.00075428431937471,2.78568159104325,1.174626321299,3.57201248547062,0.916930495994166,0.651155988895334,680.607027187943,4.52353235962801,12.08500450477,0.0865261627011932
41.5049634567835,8.0711012528803,0.329479861655273,0,0.0238849012772553,0.721450432669371,0.00171527944406262,0.0221482367302314,2.1216753856279,40,46.1337715107948,0,2,2.42944632144645,0,0,16.7544130724855,0,61.9471748638898,0.0611941526364535,0.000734578500222415,2.93000929802656,0.228528938256204,5.72843924188055,0.577333217347041,1.36882742999587,876.679785177112,3.04206460760906,27.8075013868511,0.227070138219278
68.9507896257961,12.8325481540971,3.97896184679121,0,0.00595376744819805,0.370679631829262,0.00719045449888566,0.020943220368186,2.32041291473433,40,48.0902102217078,0,2,4.17761021154001,0,0,17.3176069557667,0,28.2237761071883,0.0298173918901011,0.000642147376853973,1.20723321698606,1.94034391455352,5.2154847108759,1.43582150759175,0.5050894288579,809.892604127526,5.83329259348102,27.0857866387814,0.104850561835337
40.1992693210816,8.71378070599785,2.40138663968537,0,0.028683224695269,0.710580586688593,0.0225122494496708,0.00862718596480321,2.24992051743902,40,45.039275418967,0,2,4.53096176451072,0,0,27.9759724368341,0,79.8388024419546,0.0771694879885763,0.000762751783430576,2.19522037007846,2.74996169074439,1.32441546674818,1.73821280016564,0.830252036941238,594.282958097756,2.63036106526852,14.0502245584503,0.267109368590172
41.7602245633891,8.44993592670767,1.84984199982136,0,0.0050992283099331,0.557158448034897,0.0273101296491176,0.0225916339542135,1.95225459383801,40,31.7331694625318,0,2,2.92061023111455,0,0,27.0412648329511,0,33.196950701531,0.0393112730653957,0.000414363923575729,1.5946247509215,2.50352586060762,4.81055457284674,1.33614430353045,0.877877696789801,311.653546616435,2.65977098536678,12.5904750265181,0.227497168944683
46.8511072167691,9.31454231208883,2.7167849605903,0,0.0143424413781613,0.142737736226991,0.0145661903383071,0.0250665753290476,1.90265142312273,40,62.2432580217719,0,2,3.21851907996461,0,0,28.7205037206877,0,53.5206149576697,0.0416920470073819,0.000452567404042929,2.36410885797814,1.50374121079221,1.39192126132548,1.05532508841716,0.562959807482548,434.004601696506,5.7663407123182,29.2645467584953,0.174863982782699
47.9016462946118,8.90854989262895,3.14826456760056,0,0.033766188654583,0.00874187634326518,0.00142738961901283,0.0101414024191373,1.55103254062124,40,54.1305022966117,0,2,3.43647455330938,0,0,29.2416214733385,0,71.5366030030418,0.0732634050492197,0.000437612146884203,2.50986368414015,1.80643430957571,1.66753831342794,1.153469425207,1.41593397394754,621.522414498031,5.50532284937799,26.3008405920118,0.0738040270633064
53.9428646813205,10.4844598758226,4.49651498277672,0,0.024980847589206,0.932324697496369,0.0131775400025095,0.0161887558108545,1.75581706129014,40,69.285733839497,0,2,4.33890462922864,0,0,20.2212300966494,0,64.5048348291311,0.0696808650670573,0.000678633463196456,2.77065739631653,1.40687710256316,5.04848100501113,0.863335182610899,0.656520983553492,489.671114785597,4.49789860681631,22.778060962446,0.122920778940897
24.9952447073141,5.73046763463491,3.26042581256479,0,0.00190225713606924,0.590984462061897,0.0108296563882497,0.0012043144939444,2.23561527347192,40,44.794632922858,0,2,3.65596229722723,0,0,16.2420303805266,0,38.2722711004317,0.0260393874626607,0.000562291488796473,1.88756678290665,2.65912271453999,3.79691619682126,1.28015495105647,0.980123093351722,763.044559769332,3.68514101882465,25.8942259009928,0.186185125622433
45.6201251961602,9.09401789651392,3.71141984593123,0,0.00102372186584398,0.799549833638594,0.00782329975101864,0.0268719948618277,1.67445387993939,40,36.2201343290508,0,2,4.38138541160151,0,0,27.1655561949592,0,55.0873852649238,0.0743630946660414,0.000426254655793309,2.8069422674831,2.01164547703229,4.66864843061194,1.03357346015982,0.314335491950624,833.291064156219,6.83843168942258,26.6063342802227,0.211355059884954
29.5972090032686,6.46180813852087,1.4628801222425,0,0.00333921457407996,0.862135295523331,0.0262963457512669,0.00594799141600961,1.87609804258682,40,65.2232805639505,0,2,2.49696156592108,0,0,27.4331630347297,0,70.9140998369548,0.0663638218678534,0.000450597048737109,2.71896651419811,1.18133315839805,2.74847737886012,1.64322124859318,0.919201329676435,590.009551914409,6.10663206945173,25.4982579499483,0.0562339687137865
24.3565839234516,5.99172392376243,4.15225338027813,0,0.0292251065326855,0.299327327171341,0.0106478689956013,0.0231582666754373,1.93609725008719,40,52.8133342601359,0,2,4.39737693313509,0,0,20.7432797597721,0,26.537581399316,0.043002240229398,0.000774932087212801,2.51357017555274,1.65387201681733,5.91334333317354,1.49788254755549,0.402316192258149,373.708780249581,5.09778509312309,29.6370202396065,0.210389817843679
23.8371085640428,3.44792048329431,3.62355055601802,0,0.0265502356793731,0.196013987064362,0.0118092651744932,0.0271243503999664,1.71175161655992,40,61.6103304736316,0,2,4.30712494510226,0,0,19.6009286306798,0,50.8161364903208,0.0799791474314406,0.000486552092153579,1.26914695780724,0.72747802734375,3.04426939948462,0.593283371254802,0.823727361112833,736.472561582923,5.97679051966406,10.5163473077118,0.110303025995381
