"Cab","Car","Anth","LMA","EWT","Cbrown","Prot","CBC","N","alpha","LIDFa","LIDFb","TypeLidf","LAI","hspot","tts","tto","psi","fraction_brown","diss","Cv","Zeta"
55.316441397962,11.4918062958467,1.97354696423281,0.0170992214046419,0.0107413003160618,0.153465374838561,0.0201507179074269,0.0205239037753711,2.01280016312376,40,59.4706795457751,0,2,2.27082678349689,0,0,16.3395350240171,0,0.25716787870042,0.0280039610806853,0.974206354934722,0.46835165109951
43.1751010838659,7.52676366799609,0.851488278829493,0.00605636589229107,0.0166980232968926,0.55423372425139,0.0115137708469899,0.00738257295612246,1.55794647848234,40,30.9012215863913,0,2,4.32075580419041,0,0,23.1841589778196,0,0.26545397832524,0.240279300836846,0.62611592176836,0.191809331183322
21.8596507191274,3.21817521485339,3.55197990720626,0.00911171162966639,0.00174277241853997,0.683557158801705,0.0221962503875745,0.0018534323532111,2.00526358862408,40,34.5143012795597,0,2,4.787564199185,0,0,29.6094379120041,0,0.024475960736163,0.501272899797186,0.640493454295211,0.127994509530254
67.4310113428061,13.2080040669905,4.49863775633276,0.0160296743130311,0.0263604601351544,0.123643907252699,0.0122600090198778,0.00839350852941628,1.75441811885685,40,59.1385682672262,0,2,3.61451586405747,0,0,20.6087839475367,0,0.0340443709865212,0.132173429243267,0.546509770094417,0.329818530473858
47.8671708496677,9.7612866434616,3.20018701173831,0.00855063318507746,0.00667896265909076,0.511860387166962,0.0203380130142416,0.00931388237621868,2.41639570845291,40,35.0781711749732,0,2,2.56349570583552,0,0,28.6204574676231,0,0.298470145650208,0.280983403790742,0.59755750244949,0.392008664319292
30.3963855341417,5.71415835780686,2.94576073426288,0.017761736928951,0.0230113463285379,0.716758214170113,0.0214667005024455,0.024890013588802,2.14519420801662,40,65.8319716714323,0,2,4.97553299134597,0,0,25.713322480442,0,0.22795946218539,0.5260879045818,0.613691275357269,0.0303968066582456
45.3885377504846,8.28731544269635,0.791370320948772,0.0163543939148076,0.012779715209268,0.351871939608827,0.00843221315703355,0.00858941459538648,2.07535340962932,40,37.0368372555822,0,2,3.9735798377078,0,0,19.7224010049831,0,0.069173222919926,0.00067388522438705,0.628485888359137,0.218166648410261
29.5305328106894,5.72574485359825,0.113486274029128,0.00695156276226044,0.0304316361574456,0.59606940113008,0.017037684868814,0.0179671529049822,1.62458641314879,40,46.699368422851,0,2,2.15614575822838,0,0,29.1428549517877,0,0.168062197859399,0.295498903142288,0.718968839733861,0.214207184268162
53.259429794253,10.3757535587988,3.27407116431277,0.0183630301698577,0.0126233722739853,0.0447349706664681,0.0192727345745894,0.0190611959048291,1.84141709585674,40,34.7880316991359,0,2,2.11737957200967,0,0,29.2870802327525,0,0.229728177655488,0.396026559639722,0.810308934538625,0.0649410110199824
60.0364112604841,12.3655053740355,3.92073786375113,0.0137781714007724,0.00864566952595487,0.916173302568495,0.0139571097481158,0.0216792214272474,2.32732004206628,40,32.0081635098904,0,2,2.05864385981113,0,0,16.4435055234935,0,0.0569722326239571,0.37474227999337,0.501156660844572,0.46579668764025
43.3879421507296,7.60856634497014,4.30379631521646,0.0140757561661303,0.00704440284054726,0.378578714793548,0.0252746914050193,0.0258037783573591,1.80398435727693,40,56.2071182765067,0,2,4.73494261247106,0,0,24.2901471827645,0,0.289132402511314,0.611523148138076,0.742884167935699,0.0430071003502235
11.0049621302397,1.77593679369298,3.90997928450815,0.0175668821518775,0.0326475643599406,0.0437265611253679,0.00662497413560282,0.0180916495279851,2.00001065665856,40,41.3350365497172,0,2,2.28031211392954,0,0,26.176473487867,0,0.153619087929837,0.171789155108854,0.925853914697655,0.000504426774568856
59.133019728611,12.5692632221119,2.93625567702111,0.012593658498954,0.0098649636474438,0.552457267884165,0.0176691649406147,0.0023593991926196,2.33805514848791,40,60.2318422403187,0,2,3.41907184547745,0,0,20.4753899329808,0,0.276191819831729,0.32013183622621,0.904187528300099,0.224670589203015
56.5832016780271,11.6127161860738,4.36667361657601,0.0164327031408902,0.0254640682456084,0.711442838888615,0.0116444132184121,0.00133379756673006,2.35881378059275,40,33.9012798760086,0,2,2.04838566691615,0,0,18.5879154189024,0,0.000646411743946373,0.17133431090042,0.777660242281854,0.241647672490217
24.2172910265121,5.43884092211451,3.58787830453366,0.0102012465638109,0.0188510040929541,0.0348857785575092,0.0271612972650374,0.0253685266260337,2.27825992926955,40,39.0497554186732,0,2,2.14634367357939,0,0,28.1773877958767,0,0.265889351000078,0.600779338739812,0.54138326854445,0.0126675342908129
57.9671251313503,11.0221758905284,3.89757550111972,0.0103931427875068,0.0192353408187628,0.0844240009319037,0.0272937445803732,0.0154368156122579,1.92573911929503,40,43.0154300387949,0,2,4.03495253925212,0,0,22.3062920349184,0,0.168016285495833,0.0940146741922945,0.755218284321018,0.338008251274005
33.4669882943778,5.31299312360179,0.109494899748825,0.0104778174543753,0.0234336119540967,0.689413315849379,0.017589504749414,0.0109071808771836,2.24668186460622,40,44.5544797368348,0,2,2.84514392027631,0,0,18.9949677977711,0,0.0992102104704827,0.16051317169331,0.583238250110298,0.367247739108279
28.1726264903303,5.24593930535859,3.31828555685934,0.0139310432679486,0.0194101268560626,0.698573932051659,0.0180977271263162,0.0101736816804786,1.76190026453696,40,38.886395348236,0,2,4.60392829426564,0,0,17.5950451986864,0,0.263014647038653,0.595447133760899,0.605608707061037,0.0383831119397655
48.3813204931426,9.55616085027113,0.0120875729480758,0.00961055471911095,0.0152143374388106,0.330546655459329,0.00132576859256951,0.0130318253313471,1.95718420483172,40,69.0241294540465,0,2,4.34788458468392,0,0,28.3561254059896,0,0.0357765405904502,0.567370756994933,0.712674316600896,0.369346709339879
35.5408590910276,7.42597515964633,3.00790794251952,0.0102780725911725,0.00485206273524091,0.455723556224257,0.0256212603133707,0.0186587932352186,2.23161620367318,40,59.4982689712197,0,2,4.71191925392486,0,0,19.654383903835,0,0.227530532120727,0.88971548830159,0.881937779835425,0.261043668608181
73.0258219141692,14.5633054630794,3.32995306653902,0.0104908049374353,0.0257670906172134,0.381075726589188,0.0121921805149154,0.00152807102611521,1.75093278218992,40,36.6375031601638,0,2,3.74680583598092,0,0,25.4147678450681,0,0.177754761488177,0.335814291844144,0.844256548443809,0.187727232929319
59.6321898485176,12.171906244105,3.42515243345406,0.00820437733083963,0.00539430429460481,0.787480927770957,0.00439287345731165,0.00845513018828817,1.55453007412143,40,34.550757650286,0,2,4.68209922662936,0,0,23.9459314278793,0,0.0386199248721823,0.240680059650913,0.864592082449235,0.0122092014644295
40.9703145674559,8.23290265561123,4.08483786508441,0.0133638624171726,0.0348626710940152,0.719818890560418,0.0258054461841332,0.00080694035819266,2.44412851333618,40,34.6525523811579,0,2,3.13186588301323,0,0,24.1206425672863,0,0.195605164649896,0.268448775867,0.575808900059201,0.268402243382297
67.6436231111121,12.7502569673672,2.50848721840885,0.00850984677788802,0.0240618441975676,0.33345741010271,0.0130663788784388,0.00151400597909233,1.99648933205754,40,38.7859684787691,0,2,3.68128126277588,0,0,19.6710661542602,0,0.174671850353479,0.631743079982698,0.926435620640405,0.131588841672055
54.6091923592283,11.6341911716015,1.93535827682354,0.0135406669648364,0.034195430887863,0.0417383338790387,0.00854207183236955,0.0157579361464991,2.23668497428298,40,56.5876593347639,0,2,2.07100100209936,0,0,21.1716363555752,0,0.0801344946725294,0.101958635263145,0.526192479068413,0.383049651863985
60.228449951352,11.6067218088369,2.93770440202206,0.0126240652566776,0.0129685704428703,0.919098153011873,0.000465077457821462,0.00726495251641842,1.64157098275609,40,65.885326359421,0,2,2.02540811896324,0,0,26.6474437667057,0,0.0853131230687723,0.618168494664133,0.878809530637227,0.353870165185072
56.8418744398289,10.9607005810181,0.927941199741326,0.0112413352367003,0.0253472468233667,0.736433058744296,0.00437895609907107,0.0269887609186792,1.73917615809478,40,61.2722350750118,0,2,4.57471551280469,0,0,16.153376433067,0,0.20582239232026,0.522935253800824,0.584784832433797,0.219272939139046
48.6958358403936,9.35957763151503,2.76378716889303,0.00783975080354139,0.0338260511253029,0.74598847841844,0.00585491646648617,0.0136903535167873,1.99975749012083,40,48.417396210134,0,2,2.08862241823226,0,0,15.510077169165,0,0.00085475358646363,0.979789056349546,0.700692508369684,0.351120024803095
42.3350741214886,8.67041971898387,0.347309412318282,0.00718720827717334,0.0077924668234773,0.548014640342444,0.00808335428701481,0.0069298040546081,2.02907333779149,40,51.7865786049515,0,2,2.57120497524738,0,0,25.4010694334283,0,0.142069025267847,0.957170959794894,0.699496946530417,0.191610799171031
60.0298721620854,12.1843526950058,0.234594239853323,0.00705379446735606,0.0300820294651203,0.924039099831134,0.0241156455872068,0.00555566681775032,2.4587261301931,40,67.8903382457793,0,2,2.59699352574535,0,0,18.9842082036193,0,0.0230820755241439,0.621681715361774,0.977098727715202,0.225323838181794
40.2125177219666,7.52429848902161,0.932460058713332,0.0156761451007333,0.00520327549846843,0.464823798276484,0.0166765989163588,0.00981942005860154,1.82483038213104,40,54.3617438245565,0,2,4.70598137122579,0,0,27.7436609810684,0,0.134656168799847,0.561118155252188,0.666685290401801,0.131232050131075
42.0892162043812,7.41584026150417,1.46663680637721,0.0121342528401874,0.00905148129817098,0.169785819482058,0.0229029361275933,0.0248090406285971,1.63035034830682,40,45.6546998303384,0,2,2.19776940927841,0,0,17.9713034222368,0,0.163085948769003,0.197902319487184,0.822460094001144,0.182337030186318
31.1867383579206,5.63975326633957,2.66276053735055,0.00813339291024022,0.0244000683394261,0.187315395101905,0.00314571499395883,0.0200800953466049,2.0930960169062,40,57.0306635275483,0,2,3.60886190785095,0,0,29.2962688137777,0,0.0616467769956216,0.269028803566471,0.942691884585656,0.430085777770728
20.611083770551,5.48597262813606,3.60568095976487,0.0170259430073202,0.029459297569003,0.958166198339313,0.0195005951695237,0.022522098987801,1.93322099372745,40,50.5217376723886,0,2,4.39392631663941,0,0,28.9111117227003,0,0.131446256046183,0.217079718131572,0.908839941490442,0.143292867578566
49.9854211291896,9.25767697384252,3.00226018158719,0.015911844993243,0.0212192952213809,0.766334932064638,0.00233000562666217,0.0220193912448129,2.23824053793214,40,40.9768056310713,0,2,2.15052594221197,0,0,22.1213063166942,0,0.0291020726552233,0.418147160671651,0.826736134826206,0.00710922700818628
46.8430578948355,9.67888722356924,0.612535740598105,0.0174920696392655,0.00779294152092189,0.0175315018277615,0.00370216477927985,0.00300200711246813,1.61557764350437,40,50.5594447720796,0,2,4.82255673105828,0,0,20.3672259219456,0,0.149951744824648,0.36845439649187,0.81827133835759,0.359723363886587
64.6006948675671,13.0508941000582,2.53781706502195,0.00602387686725706,0.00510001114709303,0.977813121164218,0.0274825506919506,0.0251020926133497,2.13942987914197,40,37.3905122280121,0,2,3.64362436626107,0,0,27.2562206117436,0,0.0724645743845031,0.582651254255325,0.886907926411368,0.350752719212323
55.6751467192607,12.5729571269269,0.178021555650048,0.0127278799784835,0.0163231738782488,0.587342545390129,0.0126531221551565,0.000800157371535897,1.81460543349385,40,39.4270276091993,0,2,2.56739990133792,0,0,16.8932217161637,0,0.162842709920369,0.711769311223179,0.711584158125333,0.234437744598836
63.6590161073525,11.6260304001637,0.183502999716438,0.0132133775309194,0.00684368094662204,0.79691789415665,0.0106555220061145,0.0194316869185842,1.93515269132331,40,30.1697759144008,0,2,3.79725738777779,0,0,27.0872812159359,0,0.192248737975024,0.305879581486806,0.877041888656095,0.324115114519373
44.0393104768031,9.12531278574572,2.20245444006287,0.01550409441581,0.0302131246314384,0.149445036891848,0.011060625660629,0.00276716334697558,2.20774333458394,40,30.0353475566953,0,2,4.13494623079896,0,0,28.0736113025341,0,0.0482680771965533,0.569242858793586,0.816930132452399,0.409758195164613
17.5503497959802,4.39633112145664,3.16028954868671,0.0128849541163072,0.0155045985672623,0.0109094707295299,0.00742080783691257,0.00803093672349118,2.07554864487611,40,58.0372258834541,0,2,4.38795622298494,0,0,22.1851641428657,0,0.135503753414378,0.188421317143366,0.658514947979711,0.0550099688116461
63.5589595805634,12.4909857692254,1.5763153861044,0.0112396761053242,0.019825602713041,0.333657386479899,0.0126530791773088,0.0147062961385073,1.64565796102397,40,42.7482296247035,0,2,3.04384900839068,0,0,23.5919530503452,0,0.230146512715146,0.639200656441972,0.789178795181215,0.072055522701703
32.3148063074344,6.7451549862838,4.49910243437625,0.0190801451879088,0.020897441867739,0.733000439591706,0.0298777568895393,0.00149839044773718,1.73118502390571,40,34.3414143845439,0,2,3.66590367164463,0,0,18.1143871089444,0,0.0682600374799222,0.252102541271597,0.530666354927234,0.456852225353941
29.5195950786025,5.49818398344037,1.48880178434774,0.0178866845485754,0.0207669147471897,0.0978130749426782,0.0047831213561981,0.0124076334645925,2.46331821614876,40,38.0282755568624,0,2,2.85397695703432,0,0,21.3756516308058,0,0.207222808920778,0.405781690496951,0.603226056322455,0.406336299609393
37.9122352558619,7.07426915286108,3.90347892791033,0.00809134596260264,0.0145158440205269,0.318560717394575,0.0120127960832044,0.00416111184240086,1.96739174681716,40,44.5545172691345,0,2,3.54943685466424,0,0,22.7771577669773,0,0.250929518253542,0.242161446250975,0.63618969602976,0.0974295240594074
29.9522326712478,6.07251849864444,3.35790031822398,0.00734743800596334,0.00569999181944877,0.179370534373447,0.0262657958612568,0.0157491297934996,2.45329987304285,40,48.9347790274769,0,2,3.12877513864078,0,0,16.7721020104364,0,0.0646715721348301,0.762840998824686,0.76828785368707,0.420567305758595
63.8101718840661,13.288884475655,2.5463430583477,0.0127038163237739,0.0324220969746821,0.351219969568774,0.0149753679995076,0.027745732681579,1.69861397566274,40,38.9142522122711,0,2,2.48434810363688,0,0,24.979057344608,0,0.0958417465444654,0.0717897799331695,0.761622875928879,0.444087138981558
17.9817009189104,2.93700374948299,1.41881598264445,0.0160020122269634,0.0318593402924016,0.153825324727222,0.0268056687171804,0.00454165903010173,2.2780234569218,40,56.2921144813299,0,2,3.34006778686307,0,0,23.0600861110725,0,0.120369826024398,0.380941178882495,0.885163326514885,0.257080004783347
54.7812703270921,10.3391019362305,2.81093218910974,0.0167645529273432,0.0285596910440363,0.734690499026328,0.0296439325264725,0.0277400022995681,2.36742140725255,40,48.4054925758392,0,2,3.25413144449703,0,0,21.4640633692034,0,0.0285759691614658,0.304622422670946,0.577838144730777,0.0894098262069747
34.4247323778414,6.62171215696159,2.23229433805682,0.00866035089013167,0.0239840148817748,0.0454188094008714,0.00510041482308414,0.0248139915928524,2.20965194166638,40,46.1885403655469,0,2,4.45828664069995,0,0,15.1715158810839,0,0.213619398185983,0.107559089316055,0.566669226973318,0.42014528287109
66.2061492641423,13.9805438216887,2.87694076413754,0.00636371515924111,0.0175138235217892,0.216841802932322,0.0220609676235798,0.00258394986485364,2.45310318726115,40,68.0299291014671,0,2,2.09120932151563,0,0,23.1339065765496,0,0.251162311574444,0.0179937605280429,0.845756585593335,0.282853400800377
68.6953855249389,14.1547456934052,1.53326261113398,0.0103449419618119,0.0112452889163978,0.069388255244121,0.00901985067808768,0.00926394274571212,1.77251244708896,40,36.3178903050721,0,2,2.14215033105575,0,0,24.2597862705588,0,0.132657338795252,0.35376683762297,0.646067239809781,0.129857088904828
61.9511944974625,12.7546684801861,1.06055866589304,0.0119172238709871,0.0220838946760632,0.160031476290897,0.01448297057583,0.00508498219371773,1.53386950446293,40,33.447747034952,0,2,4.76862411061302,0,0,17.3102413094603,0,0.217599404929206,0.742232021642849,0.582680713385344,0.185502158827148
61.5983062530617,11.4909399228085,0.354614050243981,0.00988623689394444,0.030382044179365,0.785700400127098,0.00723376628892496,0.0214972892645397,1.6810220410116,40,36.94484741427,0,2,2.94105267873965,0,0,21.5984438429587,0,0.122393812355585,0.879026038805023,0.979908677283674,0.142343187239021
33.3072750850164,6.40949793340234,3.94253404112533,0.0149770111055113,0.00929949004761875,0.848047320498154,0.00500197033090517,0.0136955308775906,2.1671135048382,40,30.5576522834599,0,2,2.9442037071567,0,0,26.6342747525778,0,0.28547435766086,0.34464100911282,0.95428454503417,0.420044926228002
46.2824957746561,9.89672265286487,1.55058963317424,0.0136536623816937,0.00735439248662442,0.728027358883992,0.015385104700909,0.0042086261188006,1.71121537103318,40,65.2603248506784,0,2,2.80593223660253,0,0,29.2486961663235,0,0.182433076878078,0.829874466871843,0.838653221493587,0.396219498245046
16.9538212199063,3.25631696903741,3.34544894553255,0.0117090043169446,0.0184115676716901,0.665133889764547,0.00624816690743435,0.0194386647195299,1.84239746863022,40,32.4273482896388,0,2,2.01156728481874,0,0,19.4122722605243,0,0.104982854565606,0.663235755171627,0.975472122547217,0.252188975806348
57.1337800895269,11.0263552441236,4.44648206687998,0.0190009540948085,0.032090972633101,0.150553194340318,0.00125923115471844,0.00904969878278905,1.70543278707191,40,52.5912410207093,0,2,3.97117263753898,0,0,29.5870333816856,0,0.274308446003124,0.0118047436699271,0.652406791807152,0.159477760549635
50.2202220909186,10.1574427551881,1.05490375729278,0.00518775457167067,0.0120756460414268,0.139017162146047,1.03610069374554e-05,0.0147099654761143,1.78277608146891,40,47.1075430512428,0,2,3.95159919071011,0,0,29.1237841418479,0,0.270743646961637,0.446143542882055,0.75013415759895,0.171678317710757
52.6892431760068,10.6902311274972,0.186336606857367,0.00723920173943043,0.0183401880031452,0.950133388396353,0.019477212881248,0.0210950051593245,2.34785415651277,40,42.4810187052935,0,2,4.72141467616893,0,0,19.0089740767144,0,0.200782965822145,0.759790437994525,0.933130763005465,0.448547213338315
46.5937167058376,9.27153396464373,2.88446488953196,0.0166361197526567,0.0142767291846685,0.872458015335724,0.0223859662469686,0.00145984852845548,1.6971599124372,40,53.2028522901237,0,2,3.54419372277334,0,0,25.9656606533099,0,0.224107366148382,0.57568364078179,0.843616869766265,0.174958044779487
26.23168561377,4.67223627646851,3.41712613566779,0.015219332104316,0.0121344531979412,0.444758961210027,0.0260520432423148,0.0223413743036077,1.78215224295855,40,59.3532002810389,0,2,4.8173175281845,0,0,16.3636385276914,0,0.253887890442274,0.912664335919544,0.541908474173397,0.0568230578210205
23.5347145266101,4.83687328485065,0.834536091308109,0.0186339793982916,0.0122081906241365,0.324466341175139,0.0298691918967804,0.0196524336009263,1.5791687394958,40,58.6771967355162,0,2,3.57970664650202,0,0,18.7782984331716,0,0.243382919230498,0.711839515948668,0.524797748890705,0.0192992439260706
57.3974221523626,12.5952079558572,4.36224933899939,0.00936410934198648,0.0306388259613887,0.480237325420603,0.00538005311086774,0.00370884491237113,1.93228672491387,40,53.8182640075684,0,2,4.38078568503261,0,0,27.7320133207832,0,0.079304621508345,0.0436225789599121,0.922755459905602,0.259655966539867
55.4071622835709,11.0400126250703,3.84093579731416,0.0197760923905298,0.0348379090735689,0.33128738659434,0.00292836752769072,0.0106214491336048,2.18271848373115,40,59.8402949236333,0,2,4.13763149431907,0,0,21.4645659481175,0,0.0909710148582235,0.976812154287472,0.87297031772323,0.258928144583479
53.9209874308701,10.8729342612067,3.02232191583607,0.0194314953882713,0.00274438264127821,0.319076058454812,0.0204647499666549,0.0120169821046153,1.99985689832829,40,57.0818042103201,0,2,4.2091335428413,0,0,22.2945108928252,0,0.26864255159162,0.18711868301034,0.654387990362011,0.427110982942395
69.5181621335999,13.7502867630058,0.641662709531374,0.0138765474094544,0.0215013156449422,0.684214984998107,0.0270293339270493,0.0204742172498233,2.02155145816505,40,30.4307711683214,0,2,4.83694717776962,0,0,17.8201822761912,0,0.16944275368005,0.545979418093339,0.751030276995152,0.178720133844763
55.4745543562545,10.9130752641284,1.79732293705456,0.0163333150593098,0.0170928285163827,0.260154075687751,0.0173330700654024,0.0143185810139077,1.98913745582104,40,64.441414475441,0,2,4.77496531931683,0,0,20.3970708162524,0,0.212892122799531,0.881257366156206,0.981061040773056,0.430572738987394
58.6252126951908,13.2918385363421,0.144068983616307,0.0105881305644289,0.0245350208845921,0.994592781877145,0.0249000788261509,0.0140340744566941,2.17301987414248,40,58.1806944869459,0,2,3.52417949121445,0,0,29.4716139393859,0,0.156877648131922,0.353929524775594,0.756054439232685,0.0795089477906004
66.2812668470538,12.7837517690039,2.73614016745705,0.0182541126362048,0.00482000694284216,0.952188126044348,0.0264883297866443,0.00164322140916483,2.44271132373251,40,47.3719147965312,0,2,3.8309113716241,0,0,29.8017207439989,0,0.270247315638699,0.495446693152189,0.516703970264643,0.158761417958885
27.2137792598656,4.76017084761447,3.05124934727792,0.0100908846082166,0.00837123552989215,0.150513278087601,0.00263069701984059,0.0112479366598208,1.54938904196024,40,66.7278482206166,0,2,2.23142695962451,0,0,23.9962829102296,0,0.155126511957496,0.400683136191219,0.585434200009331,0.133290643920191
51.9703682661735,10.4789867876726,1.60209751466755,0.00993333128397353,0.0124055873956531,0.386991261504591,0.0273404046484851,0.0233537657820387,1.90951797761954,40,45.0118502695113,0,2,4.0782032078132,0,0,18.5611142939888,0,0.24782160858158,0.274334187619388,0.945119836251251,0.23602396028582
72.1706325847443,14.6680046408366,1.56799397617579,0.011260884932708,0.00535282063810155,0.882246411405504,0.0169224674947863,0.0156883276115078,1.98186896764673,40,69.7104782424867,0,2,4.33014061884023,0,0,15.4100942483637,0,0.0480379741871729,0.0201837054919451,0.744933423469774,0.422091174637899
66.2944589982863,13.6828405398955,2.73616219300311,0.00885557782719843,0.0104888005875982,0.131467249710113,0.00776838563190773,0.00619815420411294,1.71205005934462,40,44.1102479305118,0,2,4.37945580668747,0,0,22.6099922473077,0,0.0812739924062043,0.0925117847509682,0.831847416004166,0.148297388339415
57.6909900167737,11.6743005784496,1.08855222340208,0.0187420769233722,0.0144377363775857,0.954280718928203,0.00846714315655408,0.0158873121831473,2.49898453732021,40,57.5988076906651,0,2,3.83420907217078,0,0,23.6919971380848,0,0.195560837793164,0.862545793643221,0.549638734082691,0.0600743207614869
30.2256310359866,5.32949745563828,4.06454056792427,0.0117666650703177,0.0113835769463331,0.964159849565476,0.0192232408104488,0.0222642081612442,2.06488886871375,40,57.1780842635781,0,2,2.17159824655391,0,0,19.6073026279919,0,0.263586698798463,0.00267704552970827,0.950577195500955,0.357091897400096
16.183503868397,2.76564184206213,1.49613027507439,0.0126187102822587,0.00552659615129232,0.571955821709707,0.022006123993725,0.026591081483101,1.85501807602122,40,30.9358066320419,0,2,4.41126126376912,0,0,24.8411935195327,0,0.141593756480142,0.475943154422566,0.879677897668444,0.425704026711173
16.3719472096213,4.21083619399137,2.05710539524443,0.0195610804460011,0.0228966514542699,0.693900041515008,0.00788229157758877,0.00524691249407129,2.07005472783931,40,65.0850627198815,0,2,3.26772335288115,0,0,15.6615630816668,0,0.0191323974402621,0.642004721099511,0.630962305702269,0.345174026326276
43.0033079230355,8.9769638673541,3.61573064269032,0.0147070973773953,0.00589095098432153,0.134003805927932,0.0278689923874638,0.00827451685547363,2.02426345064305,40,50.6970738153905,0,2,4.9486647923477,0,0,21.7660176765639,0,0.267885568295605,0.342215524287894,0.552700988017023,0.431038224603981
46.6447567175657,9.43986162164056,1.01227601186838,0.0105493111419491,0.0344942081114277,0.844596789451316,0.0241653213316342,0.0244369983344944,2.1980084090028,40,64.7822045721114,0,2,4.45813079737127,0,0,20.696002637269,0,0.228034591209143,0.407260268460959,0.843971243593842,0.373210488818586
39.4517666167121,7.4781640118704,1.50089425127953,0.00984532884089276,0.0119670641128905,0.95150036085397,0.00974888199411333,0.0208122071792861,2.26859898143448,40,34.6634444128722,0,2,4.56602431531064,0,0,17.497576471651,0,0.0800282559357584,0.625897229881957,0.542046100948937,0.163963917642832
65.8582177837354,12.9619804452625,1.60847338743042,0.0151623288833071,0.0346609214027412,0.922088569262996,0.0202836534315604,0.0173391063826554,2.27737675490789,40,58.4078007098287,0,2,2.00442878319882,0,0,24.5166827074718,0,0.192380985687487,0.36966275726445,0.881119238794781,0.347393766627647
64.4048725357641,13.0083182208492,3.89715704193804,0.0198152783571277,0.0162186843142845,0.392768419114873,0.0157905335207214,0.0140899202978355,2.21873506042175,40,65.3536366764456,0,2,4.19062442937866,0,0,17.8530429373495,0,0.159916168567725,0.666832970455289,0.984149396885186,0.352755759842694
29.5527499842549,6.1596287198573,4.21620418026578,0.0175122035783716,0.0279856672538444,0.577516580466181,0.0232859859178052,0.00374093889764277,1.86846622312441,40,62.4895131774247,0,2,2.28951691114344,0,0,18.0306128121447,0,0.232756528747268,0.63695357227698,0.950706116622314,0.00192318484187126
33.636777829899,7.20668040148861,0.985561171313748,0.0152278080733959,0.0342404559780844,0.49522443045862,0.00891114680459956,0.0266499628171511,1.63701947825029,40,43.6533462069929,0,2,3.52837626053952,0,0,16.7317140859086,0,0.234018495166674,0.303373680915684,0.751623745425604,0.150826680357568
60.79687010334,13.0752806532135,0.0229659295873716,0.0111432857415639,0.00514861567690969,0.647732905810699,0.0201675776038296,0.029420310161782,1.56320435670204,40,62.7843266166747,0,2,3.7221006709151,0,0,23.5183627833612,0,0.0615517256548628,0.0793702250812203,0.613373914849944,0.342957554967143
59.1550855240872,11.3000852776283,1.52825167891569,0.0136314859823324,0.0254022416127846,0.769998231437057,0.00647134459279943,0.0283765990813868,2.4362667943351,40,54.7782508283854,0,2,4.61455185851082,0,0,23.2495695305988,0,0.130254637543112,0.876837412361056,0.85838895465713,0.217076178290881
33.7440674942565,6.21157589153065,2.6580043961294,0.00734408903750591,0.0342574991006404,0.454322156030685,0.0142376515273144,0.0142579066342791,2.08020303444937,40,35.832300093025,0,2,2.11075497185811,0,0,20.6294661574066,0,0.0595961780520156,0.378094875253737,0.788313724449836,0.302147984621115
30.7079411376193,5.86705617638154,3.37398187327199,0.0194263723236509,0.0146782238581218,0.813918713945895,0.018713266159317,0.0113016990564065,2.32139522442594,40,35.253435857594,0,2,3.92109145899303,0,0,26.0061232885346,0,0.0270173495169729,0.932116214418784,0.71704621182289,0.35555162280798
60.1476839373207,11.3304509873467,0.174006878631189,0.0160423319716938,0.00441458373935893,0.0571100362576544,0.0203670296040759,0.0230196290976647,1.76988773280755,40,42.096150405705,0,2,2.71806732309051,0,0,21.9097780063748,0,0.160115830111317,0.345641937339678,0.652556972578168,0.147960266913287
53.9003780476321,11.0747114950854,4.18288355867844,0.00561032226192765,0.027488445552066,0.458623687969521,0.00929093980264617,0.0115374786776234,1.72882743086666,40,61.9717704597861,0,2,4.43685614480637,0,0,27.3099982808344,0,0.245985141419806,0.237208747072145,0.791625723009929,0.106755298562348
29.3411823945041,5.75236687859955,3.69074837118387,0.00738860363839194,0.025051235423889,0.525460131000727,0.000755470800101757,0.00136280775352847,1.64753066143021,40,57.4787612259388,0,2,4.46679607313126,0,0,21.914390193997,0,0.297303740540519,0.222423968603835,0.57275614340324,0.28521720378194
29.4818028274028,5.51064546488594,2.32316877704579,0.0163200258591678,0.00664557986706495,0.337646487634629,0.0286962034996087,0.0153030298250006,1.74716060073115,40,55.8643487282097,0,2,2.99848863924854,0,0,29.0045863960404,0,0.0161020990926772,0.237614581594244,0.610353936790489,0.299545572372153
18.189012378721,3.47637959449854,0.16849557403475,0.0161070761003066,0.00382144682435319,0.333803665591404,0.0124236102961539,0.016215452895679,2.34890915220603,40,54.5955933630466,0,2,3.35372952697799,0,0,28.5376916604582,0,0.051513561559841,0.812857374548912,0.740624597645365,0.264538687770255
54.5975065263132,11.5432107526119,2.03013673285022,0.0142738857772201,0.013963008930441,0.7174874227494,0.024287168990036,0.0154067090539332,2.06527749751695,40,31.6496917139739,0,2,3.66703074215911,0,0,20.2039405249525,0,0.0317349613644183,0.872133509488776,0.55681257287506,0.133576098131016
19.8963024554941,3.9477561097237,1.07945430558175,0.0123980952170677,0.0111222874899395,0.0123414464760572,0.0250352303104522,0.0228682295919326,1.60167141980492,40,69.1497225966305,0,2,2.12070348905399,0,0,16.9289234862663,0,0.224291061703116,0.00647184322588146,0.78547725349199,0.195983809186146
46.1478830860695,8.86003403432256,2.04915938770864,0.0137522187724244,0.0151145494021475,0.846031981520355,0.0215304854936968,0.0095294807732664,1.51647930475883,40,60.1685265079141,0,2,4.94592531467788,0,0,17.70172000397,0,0.0854998902417719,0.53942064079456,0.758200094802305,0.340218642959371
54.5946949333038,10.4192101359673,0.514941187226214,0.0197562778892461,0.028444893559441,0.863614464877173,0.0181352931307489,0.0059986324757128,2.08217058819719,40,62.6122021861374,0,2,3.1885433413554,0,0,21.225088838255,0,0.167511289031245,0.268639328423887,0.738792298478074,0.129316971055232
12.7717842947091,2.07176424605124,4.45787400892004,0.00990445146802813,0.0196543624475598,0.0443488745950162,0.0193966278877645,0.000597920993301086,1.50061036436819,40,50.2513218205422,0,2,3.41834297473542,0,0,18.5482622554991,0,0.0852089091902599,0.656139868777245,0.652621700777672,0.316453239298426
37.8755606077784,7.34726293479812,1.22707742359489,0.00925507445819676,0.0336292930678464,0.450360831804574,0.00061659878881881,0.00460091979814693,1.75480694533326,40,64.3130676355213,0,2,3.57388437399641,0,0,19.0609404095449,0,0.251140546984971,0.0406255784910172,0.843633430660702,0.144407664542086
