"Cab","Car","Anth","LMA","EWT","Cbrown","Prot","CBC","N","alpha","LIDFa","LIDFb","TypeLidf","LAI","hspot","tts","tto","psi","cell.d","inter.c","baseline.abs","leaf.thick","albino.abs","lign.cell","Nitrogen","fraction_brown","diss","Cv","Zeta"
19.8111886016214,4.08504231027075,0.0905743039911613,0.0108513683197089,0.00871859786473215,0.0505850757472217,0.00898236176844221,0.0216982804233558,1.84565129154362,40,57.0544071495533,0,2,4.2464205340948,0,0,29.3140123144258,0,72.1474444284104,0.0216802376648411,0.000779365083947778,2.88606594395824,0.126729819690809,1.0037194613833,0.444919158518314,0.241984428092837,0.0500513990409672,0.791235646000132,0.470480298507027
39.1996968574128,8.48021907898734,2.52083879720885,0.00560834981151856,0.0280797442286275,0.113032404799014,0.0106510771470377,0.0287404636023147,2.20434128167108,40,44.7584971506149,0,2,2.47821127716452,0,0,25.3199082822539,0,73.6665626929607,0.0344167580502108,0.000500892737414688,1.89051359225996,1.60268355533481,2.27955294330604,1.66748682172038,0.0211273178458214,0.301200644811615,0.611222471692599,0.279145704000257
31.7008404271628,6.21895536014634,3.34090397169348,0.00814672477077693,0.00249243238708004,0.608773569809273,0.0115878431708622,0.0286745072137914,1.95896811690181,40,48.7113376986235,0,2,2.39548846008256,0,0,28.3429969567806,0,29.4872594682965,0.0500763739878312,0.000512394763436168,1.66078023430891,2.78098709997721,3.8687013767194,1.21194245624356,0.0822342325933278,0.917965035885572,0.510779370320961,0.44878106447868
27.8025294963027,6.25495560447246,4.46282662509475,0.0194514057121705,0.0210713754999451,0.114359758328646,0.0227115772924665,0.0276892722467426,1.9919350692071,40,52.065165778622,0,2,2.81686285091564,0,0,16.4022135199048,0,31.2414680141956,0.027930405754596,0.000437207816075534,2.38734670970589,0.0632198599632829,4.68588987621479,0.730482516251504,0.220593486260623,0.43036448257044,0.601751858484931,0.494575603748672
46.3749394128302,9.70954720443235,2.85651780967601,0.0187432450498454,0.0241453239051625,0.827081106137484,0.0131808043847512,0.0289314180057705,1.92584856948815,40,65.8246374782175,0,2,2.55534645286389,0,0,28.9283545722719,0,79.7195267025381,0.0368590042274445,0.000478046001959592,2.61123119154945,0.949845500523224,2.99239297653548,0.87036769464612,0.0710126637015492,0.453819493995979,0.802798512158915,0.0135163111845031
44.0881314422983,8.91948852722762,3.61902283213567,0.0190567764663137,0.0193626765380614,0.772586480947211,0.000839193965494633,0.0214746078817663,1.72610351094045,40,43.1178837455809,0,2,2.48211091081612,0,0,17.0690655475482,0,66.7925680673216,0.051565274274908,0.000490953020285815,1.30942850396968,0.544326892588288,1.23714918526821,1.62547381413169,0.25523473857902,0.508142811479047,0.780230658478104,0.267576822545379
29.0801743457783,5.87970334664805,1.00410055601969,0.0168372214154806,0.0219010336208157,0.656069015618414,0.0138632528252085,0.00848640611414565,2.27687722141854,40,53.6590987723321,0,2,4.81359348003753,0,0,18.9362071326468,0,37.6817575353198,0.0200404331134632,0.00050278871068731,1.98539993427694,0.650129402987659,3.21200342755765,1.08419378413819,0.227087878296152,0.00278986664488912,0.896982884616591,0.421735257143155
60.2079882054112,12.3127462552283,1.00696107116528,0.00899429576820694,0.0168556994381361,0.743114131968468,0.0268554799308558,0.0104669177682255,2.17276142141782,40,59.4824387785047,0,2,4.3506684738677,0,0,29.8295567301102,0,55.8114029408898,0.0377299341885373,0.000575175071787089,1.97114586336538,2.72399213025346,5.37409461010247,1.77194078587927,0.0390312552452087,0.865226677851751,0.931634479667991,0.482781689148396
27.7127370183583,5.52693482738849,3.94873781141359,0.0197146120213438,0.023878453838639,0.184330779360607,0.00581721502073575,0.00388868133418029,1.75272186403163,40,46.6371136158705,0,2,3.93022233690135,0,0,15.6317408778705,0,67.1168325701728,0.0437615935783833,0.0006482471476309,1.43378763967194,1.53729145531543,4.9243639819324,0.554822739958763,0.267260603397153,0.397433501901105,0.982692805235274,0.047018266748637
69.2753071040156,13.7719386488724,3.1201606518589,0.00807892284356058,0.011752844511997,0.719041217118502,0.0157774323784909,0.0276436010322208,2.08325862931088,40,45.0302826333791,0,2,3.08097105496563,0,0,22.5837377028074,0,35.4449093143921,0.0424845367996022,0.000400925328675658,2.8768680755049,0.020540066761896,2.56272113206796,1.0136890755035,0.175563428015448,0.860332199838012,0.573912012972869,0.302502844948322
58.9653694444895,11.522380633573,3.7117505245842,0.0136721341230441,0.0347988104224205,0.36505908658728,0.0157039266779134,0.0225637856496102,1.99362999759614,40,66.0442784335464,0,2,4.74673596629873,0,0,21.6345991473645,0,78.0076071270742,0.0566913888882846,0.000594307334348559,1.3548255612608,2.0907348676119,3.82019825652242,1.04510239800438,0.181515123322606,0.684834448387846,0.85587474796921,0.490188188268803
38.0478299911554,7.10617813862391,0.360673806862906,0.0127942404802889,0.00891194561310113,0.562503093853593,0.00734770119839348,0.0271382299684244,2.21343090571463,40,56.4581069350243,0,2,3.10718878684565,0,0,21.7088336125016,0,53.1634994538035,0.0303073493065312,0.000740683131758124,1.20181593638845,1.12139901425689,5.38583528972231,1.10742958798073,0.25133764303755,0.518832127097994,0.523845406947657,0.413501187111251
73.6117927803689,14.8804324570096,3.49720775219612,0.00799593985429965,0.0280814835852943,0.903307112166658,0.025895068319214,0.00805378913086606,2.32120863208547,40,31.5297388378531,0,2,2.06333982315846,0,0,29.5478384674061,0,75.6351669691503,0.0392079101735726,0.000723350022640079,2.00881412113085,2.40242511592805,1.618113623932,0.747378486394882,0.151873169979081,0.692949089454487,0.950494413380511,0.118917266256176
49.9874748411341,9.16833311861517,2.96084175934084,0.0172649104730226,0.00723839960992336,0.00301891891285777,0.0117250967362546,0.00540469723712886,2.27922613080591,40,50.8434013463557,0,2,4.22440701955929,0,0,17.344472334953,0,25.1185088197235,0.0302800586540252,0.000622128193825483,2.06993162096478,2.21551441191696,1.80121849779971,0.580110143870115,0.228654062817805,0.105322875082493,0.6015163899865,0.411595820914954
51.2116477198465,10.3894328458061,0.0708281326806173,0.0141509520460386,0.0198801499735564,0.473248131107539,0.0227199592505675,0.0181379184104013,1.96518357680179,40,61.5332766156644,0,2,2.9283834984526,0,0,22.6665839133784,0,73.746381016681,0.0560467603243887,0.00043310661483556,1.24560312344693,0.131150510162115,5.48466113302857,0.684746365947649,0.104024931276217,0.0487379303667694,0.712009457405657,0.419836148503236
49.4922388228887,9.7104732853991,4.34259406419005,0.00520246233209036,0.0100087676434778,0.696218837751076,0.0282018064154848,0.00120137640119763,1.79789021005854,40,61.2595545127988,0,2,4.4461223478429,0,0,25.4056626674719,0,55.802985674236,0.0256408804515377,0.000604174627456814,2.41682970458642,0.835406358819455,2.54744435334578,0.67827713182196,0.107862855750136,0.666077323490754,0.926547438255511,0.236404647585005
28.9203437060746,5.75360621958387,2.28766130539589,0.0137857911759056,0.0271418342944235,0.178028721362352,0.00473696790997637,0.00922939118167618,1.86776732746512,40,62.7351346705109,0,2,2.30589085910469,0,0,20.7806022441946,0,43.1885385862552,0.0296307903015986,0.000466590600088239,2.52209186078981,0.43728004116565,2.02701916825026,0.555578432464972,0.109556349087507,0.31384728080593,0.670709277037531,0.396776898764074
46.9764665406656,9.8922064465021,1.97485518234316,0.00909379454678856,0.00836918054474518,0.595831519225612,0.00249208133249078,0.0219942664090567,2.03484906628728,40,51.556234266609,0,2,2.15163091244176,0,0,18.799981061602,0,73.2193519570865,0.055726828025654,0.00048448696564883,1.33817920298316,1.36983786569908,1.84326995071024,1.23959291419014,0.178620865358971,0.284492695704103,0.605105575989,0.454667138750665
55.4308695961835,10.6552607267663,0.90244818397332,0.00845190061372705,0.0161698415214196,0.8131809073966,0.029763733063757,0.00778706332966918,1.60873991972767,40,40.0993279181421,0,2,4.24841912067495,0,0,20.1399563311134,0,31.5590324415825,0.054042245419696,0.000570139453280717,2.52964815362357,1.62693377444521,5.19086281443015,0.730232689809054,0.092211094382219,0.870230578584597,0.959248241269961,0.17319949704688
15.0131324162848,3.30989429854236,2.00051423418336,0.0100008833606262,0.00164951133914292,0.494927656138316,0.0276987249223306,0.0041856648388668,1.97492630034685,40,57.0536971651018,0,2,3.81581837125123,0,0,22.3389631358441,0,66.7139308888,0.0733829292980954,0.00070555022386834,2.13975720698945,0.935982130235061,3.55376214743592,0.92192147760652,0.105561451823451,0.981568609597161,0.614533669664524,0.293906804523431
66.0736351184123,14.017962990246,0.544789592851885,0.0132846610352863,0.0261959769679233,0.871227367548272,0.00563175049092621,0.0194080029614293,1.66588532808237,40,48.5287295468152,0,2,3.51610856223851,0,0,22.3756267258432,0,57.5883729394991,0.0401488575106487,0.000675405238755047,1.87581803854555,1.40745240286924,4.57737335376441,1.67451199861243,0.109816098748706,0.305384557228535,0.688488162471913,0.184281830443069
57.8359844338891,11.8800498137733,4.40222127735615,0.00957734926836565,0.0276505217305385,0.985365976579487,0.0204312263447535,0.0230457172865886,1.75694904848933,40,55.6902622338384,0,2,2.55280535668135,0,0,22.8548904508352,0,32.0803195599001,0.0344408035790548,0.000691673665959388,1.24395312527195,1.80717503651977,5.45836303057149,0.784536163136363,0.0640875466167927,0.306202000472695,0.810793305397965,0.424516603117809
33.5175774262805,6.36752268580784,0.437441946007311,0.00660701391752809,0.0346739614084363,0.389179474906996,0.0169746225059056,0.00337955166733358,1.69343153457157,40,65.8501528203487,0,2,2.23469023010693,0,0,24.965449932497,0,60.860946852481,0.03610692655202,0.000460647120047361,2.16624807617627,0.0913332661148161,2.13456253544427,1.08709915732034,0.167277248343453,0.382805595407262,0.794863961520605,0.479711049003527
54.2885822466178,10.2387672152764,3.09710180468392,0.00620311147882603,0.0243237999719568,0.641915139043704,0.00860398233310087,0.0196666145240469,1.96291046100669,40,48.1230186950415,0,2,4.86348417843692,0,0,21.4729515672661,0,57.0231725648046,0.0579045847989619,0.000741148496512324,1.6737198300194,1.20593989337794,4.4672308282461,1.40010314937681,0.0701969355577603,0.431806787382811,0.853960936306976,0.496209886274301
50.7954687429084,10.7586680001642,1.62523537280504,0.0169487222970929,0.0343611255330034,0.574403023114428,0.00169843739964999,0.0100284254303807,2.22972874203697,40,33.545793807134,0,2,3.68417236418463,0,0,28.1754781538621,0,39.6913240232971,0.0261175181157887,0.000420953983254731,2.57897874671035,1.86926642130129,4.33534928853624,1.16999860722572,0.170813339296728,0.334708920447156,0.720799620379694,0.0174510020297021
59.2093089239371,11.9489744542478,1.26087094063405,0.0195453784591518,0.00381853245990351,0.116773772751912,0.0273871853059437,0.027609817811551,1.51185414334759,40,38.6874028667808,0,2,4.36798861715943,0,0,23.4967457607854,0,40.6407392292749,0.057090109679848,0.000703047624509782,2.47393259466626,1.64040664723143,3.87344403914176,0.846390594122931,0.152481305133551,0.977940375218168,0.507025537663139,0.0510196838295087
51.8768323462142,10.1388246683706,0.4222220715601,0.0153707860712893,0.0247723191250116,0.847659692168236,0.00759020274350885,0.0167618572113663,2.44883360085078,40,49.3480663746595,0,2,2.74396472657099,0,0,20.750005437294,0,62.7341052587144,0.0513761152280495,0.000467827865947038,1.98938258090056,1.6269311949145,4.56984434183687,1.5277452818118,0.124826704734005,0.35459034377709,0.874203404062428,0.362370774499141
49.2795235307661,9.58621124876843,0.236371421255171,0.0194767283182591,0.0304449072778225,0.750358333811164,0.00657743410740746,0.0273646180606028,1.72952893702313,40,30.8628852292895,0,2,2.54031178564765,0,0,20.9152031270787,0,25.156704824185,0.0787873433809727,0.000560554006695747,2.46403208929114,2.63109083916061,5.04168418608606,1.34647933738306,0.0567950160708278,0.482464022701606,0.726802482036874,0.000642289407551289
47.1343601719709,9.02271791702859,4.16014573839493,0.0193219487334136,0.0228615033561364,0.297987502533942,0.0204964492539875,0.00969100985394092,1.68778459564783,40,63.0727077648044,0,2,3.02747363760136,0,0,21.6414396604523,0,51.0459879657719,0.0774302575876936,0.000559597557224333,1.88979887701571,1.51421172078699,2.3887881860137,1.70025550024584,0.0437441655434668,0.574661337770522,0.501320064417087,0.233552774065174
68.8714570831378,13.0456308595076,0.0437212799442932,0.00834576598368585,0.0342687450009398,0.108167070895433,0.0198759060284402,0.0185924937989819,1.71871667308733,40,37.95828551054,0,2,2.6481614690274,0,0,15.1152016944252,0,29.231713846093,0.0573009029217064,0.000781678982172161,2.01116581745446,0.035978332394734,2.00959308212623,1.51110208937898,0.0410758893471211,0.39367622253485,0.544591943849809,0.0752038419013843
9.80592788270116,1.6778668755679,1.71315197646618,0.0101334267482162,0.00794493699073791,0.416734198806807,0.0280824987443862,0.0230697331891372,1.85009249299765,40,57.1742159407586,0,2,4.13329559727572,0,0,28.7790463026613,0,49.686964279972,0.0536670893151313,0.000533348232321441,1.67243538047187,0.10456924745813,3.23757187020965,0.414093816047534,0.213522902014665,0.121611638227478,0.94222449127119,0.312840421218425
25.2554323454746,4.83279780477826,3.34123550844379,0.0161963681376074,0.00960600846912712,0.607988713076338,0.01783717289516,0.00382681966969045,1.78321825852618,40,47.5326429493725,0,2,2.63819849933498,0,0,25.7169645430986,0,54.8990906076506,0.0318741391692311,0.000657968075200915,1.85641330867074,0.209247725782916,1.38468158221804,0.962500678375363,0.142685056803748,0.0999021106399596,0.633222984964959,0.354178186273202
57.9258961087042,10.1808943713618,2.60847949481104,0.0073055123584345,0.0342762476587668,0.357292123604566,0.0183220928855753,0.00744491012807703,2.12526601064019,40,34.2611146252602,0,2,3.38186226249672,0,0,18.415522944415,0,36.301909115864,0.0361417282139882,0.000754153507668525,2.74830879997462,2.87562063988298,5.04550235485658,1.62397562963888,0.0626678582048044,0.155597986653447,0.780723756528459,0.160209615016356
65.0341590725125,13.8855319810156,1.0348721947521,0.00504110680893064,0.0280735371033661,0.871462242910638,0.00180359245505184,0.00728556211556308,2.46781038423069,40,31.1034381948411,0,2,4.46201883815229,0,0,21.0730036057066,0,49.0984802751336,0.0330247830878943,0.000727071953192353,1.71585432328284,2.28533061733469,1.03967373166233,1.54362126807682,0.240518860146403,0.887536827474833,0.89678774564527,0.446581267751753
45.0787647560425,8.70640118190116,3.39951071329415,0.0111999118363019,0.012430118016433,0.623758872738108,0.0235290376142832,0.0252555018135114,2.15088558988646,40,46.8595343641937,0,2,2.5435159120243,0,0,25.4955216532107,0,30.3353799867909,0.0450888296402991,0.000661388907860965,1.22559321722947,1.65107991127297,2.89478555810638,0.713915745494887,0.21823689986486,0.344526594737545,0.521394018549472,0.183804956148379
65.3890916074532,12.2116568991725,3.43019044550601,0.0180704890261404,0.0139472176032141,0.289064825512469,0.0190012713996135,0.00853872546752682,1.87315418059006,40,37.974723065272,0,2,4.4898747515399,0,0,19.669474773109,0,52.4911532178521,0.0421072637895122,0.000654617070686072,2.49500410999171,0.0517328521236777,4.57673547812738,1.58964319070801,0.249841392785311,0.545984455849975,0.719088653335348,0.206796795595437
30.2339858045613,7.1060416866237,2.9694144272944,0.00557306877104565,0.00754400768736377,0.629906655987725,0.0214565109679941,0.0162628298524441,2.18480885238387,40,49.1489673219621,0,2,4.11282850825228,0,0,22.1273365861271,0,38.2851719704922,0.0549590752553195,0.000709526341129094,2.46270978916436,2.28874249896035,4.39383920072578,1.16657943795435,0.0204775373451412,0.707125352695584,0.893420618143864,0.15209304203745
72.9055914666203,15.2956041664005,1.52905100234784,0.00731378406053409,0.00293913870491087,0.762331245699897,0.0281245506376005,0.018488954040322,1.84417042927817,40,36.3173290155828,0,2,2.51845105015673,0,0,25.8561938500497,0,54.8544968187343,0.0627061586733907,0.000569267326500267,2.04397588055581,0.626823065103963,4.54282924323343,1.21184882046655,0.154557599569671,0.580571535974741,0.553880137042142,0.405574348405935
44.4197476849804,8.70530530268475,0.775145473075099,0.0136513393861242,0.0301210376969539,0.895325526362285,0.0121552927225642,0.0179000438373187,2.34629667038098,40,66.9676279649138,0,2,3.28365570306778,0,0,15.7484569377266,0,60.2456019620877,0.0383527748892084,0.000701633510924876,2.36681441226974,1.70348416222259,1.4823716217652,1.4699631262105,0.164267550618388,0.57099570450373,0.889436724013649,0.37625071790535
42.8624417052125,8.9060885890136,2.23720869293902,0.0150780441530515,0.0145350310117938,0.594337038462982,0.0217478382597514,0.0157272466465645,2.14155209530145,40,47.9593114927411,0,2,3.6041867386084,0,0,21.3040136871859,0,33.8491474860348,0.0541545715276152,0.000653544105961919,2.67512950259261,1.7981560821645,4.92663382110186,0.470842921547592,0.210081888316199,0.899147097021341,0.877843981143087,0.357580128591508
43.6795126916524,9.42855408933981,1.09153079346288,0.0122503354621585,0.00361164362356067,0.234175263671204,0.0248383990721218,0.014213450795582,1.9749331350904,40,34.8261357471347,0,2,4.64032019674778,0,0,16.6076601657551,0,49.8423547926359,0.0313052790286019,0.000526811958383769,1.39803588772193,2.92050960101187,3.41259809699841,1.54290589033626,0.157699082326144,0.94076711544767,0.548305188771337,0.316213761572726
38.0811868224184,7.76407512234528,2.26669129764196,0.00622374556260183,0.023705395473633,0.78919355198741,0.0109245095942239,0.00116693160796072,1.82225642888807,40,47.531516449526,0,2,2.52160844602622,0,0,24.1296847548801,0,67.1935273311101,0.0583520393865183,0.000631343036144972,1.45939988172613,2.05651743267663,4.52381493896246,1.21319640814327,0.124793522106484,0.351438341662288,0.509092478081584,0.135240069474094
47.9990160043287,8.44407739573173,0.906778763397597,0.0173504876578227,0.00391308147227392,0.941530218115076,0.0220038030782319,0.0111182435018197,1.89824921451509,40,45.2872472908348,0,2,3.09818799397908,0,0,29.7232804109808,0,37.5143402046524,0.0351261524762958,0.000424533083941787,2.84466801127419,2.26094799069688,3.48843957087956,1.23797029531561,0.281602903758176,0.428651164518669,0.847030267701484,0.457918453263119
66.3644222394147,13.1585829579015,0.789089140947908,0.00707211960572749,0.0346955567342229,0.0856596210505813,0.0193262203767803,0.0129011097055627,2.03321004100144,40,60.8712311927229,0,2,2.5469058114104,0,0,16.0378902533557,0,62.9908483021427,0.0443469014298171,0.000482580845057964,2.66281067859381,1.80949575221166,4.93912215484306,1.4257885243278,0.257733690971509,0.717466000467539,0.871436428977177,0.0228518382646143
54.3321682926213,10.7034809493256,0.0491257446119562,0.0168560143827926,0.0293360276473686,0.53501335484907,0.0152942888709484,0.0197094543328299,1.92734211147763,40,60.3825255855918,0,2,4.73674696311355,0,0,15.952404756099,0,71.0037450131495,0.0345296867750585,0.000508951756823808,1.55074628661387,1.03884287551045,3.97547507681884,0.84884831821546,0.0618269192520529,0.915944319218397,0.905327545595355,0.463052707491443
57.1224588782231,11.2508727755269,0.567394461482763,0.00667040704400279,0.00580813331995159,0.957137909717858,0.0102674306804594,0.00582349419250386,1.76907018898055,40,56.9579816423357,0,2,4.69492826098576,0,0,15.0482469366398,0,36.8564548913855,0.0657704599294811,0.000614630282949656,2.71404230073094,2.19839744316414,5.44259401061572,1.49010828738101,0.0469487601192668,0.762243952136487,0.91071209369693,0.45732538192533
29.8208836854444,5.32020981773812,2.70022447721567,0.0173638694779947,0.0191118966923095,0.597014386672527,0.026013621395668,0.0192910900746542,2.22271443088539,40,56.6983392648399,0,2,2.33584384503774,0,0,27.8979355632327,0,42.5709868664853,0.0243073867959902,0.000609298300743103,2.79871370033361,0.520485914312303,3.63846539775841,0.509717555390671,0.154076326475479,0.60434691910632,0.911566737457179,0.455970181385055
56.5439781342874,12.3241100680456,4.37923967570532,0.0120885497168638,0.0200962419160642,0.264212609967217,0.00457521023323759,0.00297398188995663,1.91308815893717,40,55.5635323375463,0,2,4.71023123990744,0,0,27.897516915109,0,47.0678014378063,0.0428564707329497,0.000708130661211908,2.12548801722005,2.06102262111381,1.47252117306925,0.606130916066468,0.220040244539268,0.603344810893759,0.842686139745638,0.249824017286301
64.0722780974273,12.5317434634218,3.73966524400748,0.0164984594576526,0.024688395743724,0.295610352419317,0.016339689521906,0.016133129334792,2.05582896829583,40,30.0034426245838,0,2,2.58153393305838,0,0,23.8966363028158,0,30.2389276796021,0.0382773453602567,0.000462270515784621,1.52187537434511,2.29349939106032,2.6512442601379,0.720107584213838,0.235291058546863,0.854398150695488,0.7923633052269,0.0795010706642643
52.0632810736067,10.4749163680039,1.92772738065105,0.00721364102093503,0.00527754632895812,0.0456855485681444,0.0257445743647614,0.0238333449910907,1.54108966444619,40,63.6281698569655,0,2,3.64290202362463,0,0,22.3120042984374,0,64.1635563340969,0.0264535453589633,0.000453335381578654,2.71252301833592,2.08724867831916,4.67076219059527,1.6729414483998,0.0732070178026333,0.736568842781708,0.966278977459297,0.186719167046249
67.1092359579528,14.3739880449925,1.09603676735424,0.0182020825939253,0.0246411507413723,0.627910301554948,0.0228529768480756,0.0223638965321844,2.46192838554271,40,46.9210775289685,0,2,2.71318910294212,0,0,22.9009655141272,0,71.0464237886481,0.0210796256316826,0.000676605268474668,2.21827224288136,0.00947819044813514,4.61614912981167,0.42884087706916,0.0272743031848222,0.351747940527275,0.615658156457357,0.432443063007668
53.7146089825236,11.0308054339598,3.58382536098361,0.0172201245778706,0.00305214232159778,0.892736544599757,0.00221317165713059,0.0251040923785348,2.17079694010317,40,34.829364977777,0,2,3.7005798285827,0,0,25.3730434924364,0,49.3205121124629,0.0412260102573782,0.000516853791847825,1.66748552005738,2.06055190321058,3.15805958257988,0.740400992007926,0.106898839236237,0.584191082511097,0.969532734947279,0.402731648879126
41.3508215184224,7.97792743347374,2.15380702761468,0.0126353884954005,0.0220098320348188,0.0118877734057605,0.0229970441514556,0.019054276275849,1.70085267792456,40,68.2107599265873,0,2,3.2958262572065,0,0,22.960464527132,0,64.8932242370211,0.0645339212985709,0.000466144570708275,1.86780777177773,1.2913142235484,3.28070726618171,0.493197371577844,0.138344477419741,0.169803454075009,0.634706568089314,0.249346646363847
44.4288105410999,9.84944218638796,0.913561364868656,0.0146363120095339,0.0274287790874951,0.290255372179672,0.0209657513878448,0.0048661417238065,1.59794892254286,40,62.7018478792161,0,2,3.86537878075615,0,0,19.8380529542919,0,47.438865598524,0.0727415623283014,0.00078392694182694,1.71243547406048,2.70675323903561,5.93706889799796,1.35104544525966,0.0977247378788888,0.0323791729751974,0.61908551317174,0.228905536001548
67.3367345756433,14.2966933539342,0.825645113247447,0.0109867492155172,0.0341977932685986,0.902187910629436,0.0214015025559743,0.0299485273974994,1.72651620674878,40,50.9010966494679,0,2,4.48487530113198,0,0,21.4512908225879,0,77.3369655711576,0.0406784605467692,0.000763427636027336,2.71216173442081,0.588218696415424,2.24889596248977,0.874478703225031,0.199540222110227,0.850326028652489,0.672334361122921,0.123990006512031
67.4162221359739,14.0287381307192,2.75848638103344,0.0130978721461724,0.00909746517986059,0.574079719372094,0.0273021314193052,0.0103032702951273,2.18109157122672,40,55.4288670234382,0,2,4.10741538438015,0,0,19.6816895529628,0,58.4460640943144,0.0697924680123106,0.00067092257719487,2.62639019368216,0.446818382944912,4.72445738059469,0.970093508902937,0.173073247633874,0.534581103362143,0.804462685133331,0.22514286544174
63.9406975032401,13.377171806072,0.339024096960202,0.0155233305937145,0.00670746812783182,0.217786295339465,0.00643199202263262,0.00555155209557619,2.03784233820625,40,30.4044285882264,0,2,2.94431523117237,0,0,17.3464012448676,0,44.246856670361,0.0597941453102976,0.000780377698037773,2.10788031290285,0.423834068700671,2.70954182278365,1.41278872974217,0.134180086338893,0.467323895543814,0.691697577480227,0.397765526431613
72.6785002405341,15.2796106652646,3.64625103282742,0.00661333163385279,0.0156970479488373,0.475382035598159,0.0104034780660993,0.0073209114615689,1.95828235847875,40,60.4505406413227,0,2,4.34972919151187,0,0,29.3944359279703,0,75.2898817672394,0.0207082846201956,0.000521925433445722,1.77411993797868,0.197482879506424,2.2423086585477,1.38793628551066,0.280019081896171,0.083649795036763,0.692603855975904,0.300573169952258
13.4090807457735,2.33800601565357,4.06214101659134,0.00865525508415885,0.0260452843294479,0.441105832578614,0.00473436848685844,0.0291537012002803,1.64366865740158,40,65.3490989562124,0,2,3.43051047436893,0,0,19.7817685338669,0,74.6363352763001,0.0467686125729233,0.00060010732607916,1.81804194375873,0.792549914913252,4.15760953817517,1.04050056980923,0.00375509143341333,0.299042940139771,0.524041840806603,0.426716948277317
55.6302126294952,10.9469475412147,4.00254308560397,0.0127476110169664,0.00924300633184612,0.139205792220309,0.0149855662342673,0.0271808805210609,1.54139711312018,40,66.8127568718046,0,2,3.42440919345245,0,0,20.626211859053,0,61.8102104007266,0.0655874262796715,0.000746504610404372,2.81476996801794,2.70655518514104,3.91784309782088,1.38790578125045,0.0447840347886085,0.59043776220642,0.979083706741221,0.178659409866668
65.0902709422806,12.9614074342462,1.047307403991,0.00705721297767013,0.0140412978394888,0.549718795809895,0.0182150110330642,0.0277623662537546,1.99429633794352,40,50.369894085452,0,2,4.76345456764102,0,0,22.0496609096881,0,66.0863504605368,0.0545410184469074,0.000674893495813012,1.82984896120615,1.64060016162694,4.33134689717554,1.79984948108904,0.232722395053133,0.184960196260363,0.967338982620277,0.0583668200997636
38.9926221410939,7.84730594653092,3.79269097500946,0.0144777243304998,0.0330779252056964,0.496802393812686,0.0106977924893401,0.00123681287597399,1.68532736622728,40,62.0052978396416,0,2,2.0206691690255,0,0,21.8333506397903,0,71.5461132477503,0.0747598601551726,0.000433526779338717,1.40456300815567,0.434291484067217,5.81757560162805,0.725423050485551,0.20438664208632,0.790857324609533,0.918650489416905,0.469649791135453
62.5650109078014,13.3814312898158,3.51475872402079,0.0185121863672975,0.025543370291125,0.438900771783665,0.0130440615190822,0.00978684594338993,1.68238741764799,40,40.6646678969264,0,2,2.20532098785043,0,0,25.7807802746538,0,69.6202018589247,0.0627103709569201,0.000419838199112564,1.26947727813385,0.402677207021043,3.19355406006798,0.895265366556123,0.272679587965831,0.454163934569806,0.622034603497013,0.190864378935657
16.6678696291266,3.32591299824628,3.62859541608486,0.0188664260855876,0.016773697859142,0.479881423525512,0.0147451647243439,0.0215719035142823,1.99119192222133,40,43.8744485378265,0,2,3.20672106649727,0,0,21.5400664543267,0,39.5391806098633,0.0226173547375947,0.000738204367924482,2.13476147954352,2.76419181190431,3.42133936844766,1.39226823630743,0.0872821868397295,0.958447349490598,0.539484706008807,0.0608756486326456
58.6637407568939,11.0721803228626,1.62072406802326,0.00986242896062322,0.0222324723796919,0.956551320152357,0.0182573120581429,0.0129946046439698,1.8253567670472,40,51.8349224235862,0,2,2.77126873354428,0,0,15.413384368876,0,41.6780193906743,0.0786087292572483,0.000698376254178584,2.13214132050052,0.523637238889933,5.78050285484642,0.720623219385743,0.295521847810596,0.861608342500404,0.706057067145593,0.353723910520785
56.4306897279007,11.471200816368,2.97541406052187,0.0118934473907575,0.0193779969676398,0.190909061115235,0.0176503930058051,0.0165350343411765,1.72686536959372,40,38.228936586529,0,2,3.59909647447057,0,0,17.356259257067,0,74.2511344584636,0.0312271209806204,0.000523510392289609,2.73759953859262,2.77882938436233,4.52392947068438,1.35680769486353,0.288629907765426,0.135267862351611,0.567774707917124,0.306135003920645
67.4911435645436,13.1248481210426,0.455701630795375,0.00945406291401014,0.0140679248077795,0.00248606619425118,0.0290564009033935,0.0113741523897462,1.9832675436046,40,48.3273065369576,0,2,2.23306818935089,0,0,27.281502377009,0,56.0645048413426,0.0527587650856003,0.000600824221596122,1.84339248184115,2.28771546925418,3.27477087290026,1.39796879189089,0.177530948189087,0.881054394878447,0.976454161223955,0.278098596725613
55.8614411596635,9.69756365516355,0.798684465000406,0.00722744805854745,0.0349452334200032,0.85181540530175,0.0104362161884084,0.0197924883932993,1.53568087890744,40,44.2487541772425,0,2,4.2459830371663,0,0,17.3308678984176,0,64.0302225132473,0.0728754419693723,0.000784848832618445,2.75006186035462,2.93512914399616,5.50343883130699,1.03421323080547,0.226666301186196,0.105847776867449,0.584029632736929,0.456195555627346
55.6116854041807,11.2670320126796,3.19756078859791,0.010947511724662,0.00681647994788364,0.148708221036941,0.0197626445479784,0.011957715841271,1.80783822317608,40,45.2330478001386,0,2,2.07826565485448,0,0,24.4633613876067,0,53.760902157519,0.0412357714865357,0.000604843551386148,1.48623221204616,2.6787137829233,5.77214733255096,1.37841858831234,0.111762611288577,0.879472011467442,0.592194268130697,0.259452905622311
59.5632719901329,12.342101860066,4.36313336261082,0.00702334719710052,0.00215464554633945,0.376916572917253,0.020725817124981,0.00602583356395597,2.39155344571918,40,53.1391065102071,0,2,3.18542765663005,0,0,22.1047050878406,0,74.5453412004281,0.0497268015891314,0.000413363176211715,1.77154110465199,2.92494603269733,3.97499898588285,0.69555344232358,0.265082252724096,0.763728459132835,0.780145645025186,0.0968120294855908
45.6508801735448,8.15844151340121,3.19127191789448,0.00790600776090287,0.0157142626321875,0.304224789142609,0.0240852723427839,0.0262964668433601,1.79060863587074,40,44.323002230376,0,2,2.74664974701591,0,0,21.0763387964107,0,53.439860525541,0.0440409881714731,0.000468347360007465,1.67984631811269,1.13070529815741,4.80279581528157,0.754908515606076,0.101817692164332,0.0352009434718639,0.518140661180951,0.16105623182375
26.760263646227,5.10074291144582,2.73585159424692,0.00773887356859632,0.0280945752761327,0.0597415575757623,0.0112244207736314,0.0111749087569979,1.72315507149324,40,37.0180737879127,0,2,3.6393681881018,0,0,17.5770264852326,0,70.4339615732897,0.0364600512571633,0.000756095869001001,2.04968625702895,0.0344708708580583,4.07812757208012,1.76664075003937,0.0986666256794706,0.804713213117793,0.625280772568658,0.452490003430285
38.714635996239,6.55221210616633,2.64449848886579,0.0128999481012579,0.00994977102754638,0.271984809078276,0.0224265299894405,0.0105062230173731,1.84128818125464,40,61.1559723038226,0,2,3.48964073532261,0,0,15.4335027874913,0,33.806961934315,0.0212110223295167,0.00059594673877582,2.71952822869644,1.00383563828655,1.05386830423959,1.029480902059,0.12521769865416,0.933932665502653,0.772787999594584,0.491995654301718
19.3548926938784,3.40652725909863,4.46147945523262,0.015343776216032,0.0259139051837847,0.183381711132824,0.0172496810658672,0.0102174433658388,1.63416810426861,40,61.8107683956623,0,2,3.97753039910458,0,0,24.6095722506288,0,39.9002319411375,0.0255507070850581,0.000665477932803333,1.73387059802189,1.1744723576121,4.49351122044027,1.71550733046606,0.0771115565439686,0.344105849275365,0.917444388382137,0.0307920516934246
43.5296214152417,7.54970168146952,1.18766734097153,0.0198867606138811,0.025295604926534,0.418426393764094,0.0212135859426996,0.0247862083520321,1.9375949378591,40,55.0171168800443,0,2,2.26429128577001,0,0,21.0330102033913,0,60.8528202620801,0.0717527476185933,0.000439710987266153,1.41626755474135,0.294710697373375,3.45978726190515,1.13025316381827,0.274841538467444,0.449291075812653,0.855226348503493,0.175126338610426
35.3554667414742,7.27734814719262,0.0906956592807546,0.0153892132244073,0.0312228196724318,0.646378956967965,0.011839564019409,0.0159616863434808,1.77233067248017,40,32.4531515408307,0,2,4.36820747912861,0,0,25.0793519394938,0,73.3242281130515,0.0201606227317825,0.000760461756400764,2.48553083064035,1.45596159878187,2.76266571390443,0.592944702319801,0.135333301406354,0.224251130595803,0.911806439631619,0.0276453956030309
58.7787786042467,11.3887871308283,4.10083285497967,0.0111612881661858,0.0175593998515978,0.488437177147716,0.0233924770570826,0.023706795996062,1.58677596924827,40,45.7074736990035,0,2,4.94698548084125,0,0,28.138450345723,0,50.9588553546928,0.048556589265354,0.000703742318134755,2.73253449616022,2.44247502135113,3.98092660028487,1.76141747259535,0.152374205645174,0.0308705808129162,0.894205344491638,0.0460760304704309
18.3078528801038,2.87540626619421,2.89150394161697,0.00856785201001912,0.0174453553045169,0.957098902668804,0.013536838886484,0.000574579588095658,2.05697834840976,40,64.9410313088447,0,2,4.86868094094098,0,0,15.5531349498779,0,28.5076061973814,0.0585202832659706,0.000504769844561815,2.44262649477459,2.86155694560148,2.61770209320821,1.60731681282632,0.291221608920023,0.88276075036265,0.536878972081468,0.386332356370986
39.5867080360772,7.82098042301408,0.810974088963121,0.0100221684912685,0.0132231487231329,0.718381277518347,0.0187170289449394,0.0240190871138056,2.21949814353138,40,66.1656900402158,0,2,2.68059785012156,0,0,16.030092809815,0,74.1123541875277,0.0405329314572737,0.000442160790413618,2.75173760857433,1.15204481128603,3.02828238718212,1.549560269434,0.194141947547905,0.699114999733865,0.624555752961896,0.0719504843000323
30.6866813676959,5.62963377937382,2.048014433356,0.0157609797467012,0.00608205196075141,0.709888590034097,0.0248634027040633,0.014150812883433,1.5961773802992,40,43.6110668536276,0,2,2.8663805029355,0,0,16.9534581899643,0,66.8063417216763,0.0444356161076575,0.000675176994875073,2.54355775974691,0.867238828679547,3.04589956905693,1.41853860970587,0.110986222838983,0.986993909347802,0.762047555181198,0.196170318871737
28.9134284195317,6.56128771102801,3.60356498498004,0.00643118203384802,0.0241405325680971,0.555836065905169,0.0164702192362049,0.0186991576805781,2.17021800810471,40,46.3952679093927,0,2,4.97184038511477,0,0,25.3499183035456,0,39.6718469215557,0.0575538337929174,0.00043363688075915,1.79027010351419,0.156635836930946,3.53033442771994,1.37751417947002,0.0969065768178552,0.0594751690514386,0.93435304693412,0.191374779678881
59.5286862230947,12.1680967290841,1.79028758557979,0.0128142650355585,0.0292407178762369,0.611371145118028,0.000324682292067446,0.00749300867976155,2.25382804055698,40,55.6553849577904,0,2,2.01945371273905,0,0,19.2103346949443,0,60.2698473760393,0.042179765435867,0.000704895391035825,2.45061755985953,2.7732107823249,2.28000228200108,0.933991628931835,0.203246577666141,0.0519992830231786,0.784402421675622,0.426866446039639
58.2366705285176,12.6480042241353,1.85844330245163,0.0056142509332858,0.0256724867136218,0.623969559790567,0.0201358267081669,0.00174079259566963,2.17823623726144,40,34.4360789842904,0,2,4.00731504778378,0,0,22.1688788663596,0,54.3179642374162,0.0600099782273173,0.000787319517508149,2.4699207354337,0.596100533148274,4.16504984162748,1.57452785875648,0.296305567142554,0.43324870057404,0.808317703776993,0.00405513774603605
56.81886756973,11.4675153861,0.322727640392259,0.0120560464600567,0.00885328483581543,0.149941074196249,0.0161770075875265,0.0269155014731386,1.87548399018124,40,68.4932013321668,0,2,3.38086871639825,0,0,28.5582582943607,0,67.6720302703325,0.0582172143366188,0.000760564893297851,1.20692346543074,2.90161188296042,2.64703238056973,1.77406603498384,0.250244071567431,0.763382097240537,0.929925839649513,0.313629215816036
49.8955318533149,10.0082563724828,0.739541855757125,0.0135411217215005,0.00206061824597418,0.610187067650259,0.00648932488333667,0.0200170843336708,1.56189001654275,40,57.3984510451555,0,2,3.84151106351055,0,0,26.3884415302891,0,67.9033907805569,0.038202420854941,0.000601298996340483,1.74297604928724,1.96857119724154,4.32836165558547,1.7864939915482,0.204556161467917,0.143063069088385,0.905159731861204,0.081301172147505
61.7963328486723,12.830181137025,0.934211328509264,0.01534572755103,0.0145173607012257,0.127044005319476,0.0111289979488309,0.0130077983683744,2.2300853242632,40,37.1645653620362,0,2,2.18339021806605,0,0,22.3815223923884,0,36.2844830367249,0.0247622135048732,0.000490699131879956,2.43464719788171,2.81687897862867,4.79801825154573,1.69576245271601,0.122865714831278,0.889860389987007,0.575973033672199,0.135295689455234
48.1970158582588,9.24900637610723,2.90939073648769,0.0116043690522201,0.0229030025205575,0.0789251460228115,0.0258276113020582,0.000977699565314688,1.96838020067662,40,59.9516157060862,0,2,4.20677378005348,0,0,20.6394195905887,0,48.8800168829039,0.0726102447416633,0.000686711163725704,1.98147424184717,0.242528142873198,2.98757064645179,1.03510072054341,0.172629719646648,0.889296280452982,0.616066013462842,0.215666176285595
63.5040734053756,12.0273925055331,1.44326493702829,0.0110432676621713,0.00432465306250378,0.23885761667043,0.0137296318550291,0.0222048390303692,2.24085090029985,40,31.3078598957509,0,2,2.83642478380352,0,0,18.7571038899478,0,35.9259659762029,0.0426856925152242,0.000630650979559869,2.28773274463601,1.51209498709068,4.3709522744175,0.913611998734996,0.0468817807501182,0.250189939746633,0.875335644814186,0.28184082347434
6.33744133298923,1.57850641487927,0.717013792600483,0.0167094202083535,0.017069149042014,0.606990501750261,0.00701524716483429,0.0261524312549084,2.35813911212608,40,40.5127978045493,0,2,3.35599151346833,0,0,21.5975758270361,0,29.9531807447784,0.075926972865127,0.000573636969458312,2.47998584210873,0.862828746903688,3.48281222535297,1.54380835415795,0.288527446473017,0.295628301333636,0.727051084744744,0.00860706449020654
14.6295185371033,3.39030501253816,3.26572445046622,0.00637641057139263,0.0299597941408865,0.390042168088257,0.0117180463023973,0.00563323119124398,2.02002977835946,40,47.0492348819971,0,2,2.99921096372418,0,0,25.7049882248975,0,54.3545688537415,0.0407385162403807,0.000522045578062534,1.73265696088783,2.7165402516257,4.18101731827483,0.77551610795781,0.220846639433876,0.317389375530183,0.524030860629864,0.109879690338857
55.412869443542,11.2000554453852,2.37912216119003,0.0103261179151013,0.0267741490430199,0.23374928929843,0.020963620943469,0.00888163138544653,1.74180371291004,40,42.5990641023964,0,2,4.60013732430525,0,0,25.679678034503,0,70.0972759269644,0.0342325248243287,0.000633300578407943,1.58431907482445,0.470834454288706,4.44649869482964,1.48034666138701,0.012206445238553,0.979925323277712,0.637897035572678,0.442705550813116
45.0507328674915,9.32648293027333,2.3470367314294,0.0172690412774682,0.0145890677617863,0.744146065786481,0.0180023388234456,0.0169399018863589,2.21451340219937,40,39.8679663706571,0,2,3.91507410746999,0,0,16.5718941728119,0,79.5056857657619,0.0333454381162301,0.000458204914722592,2.22678193361498,0.450683134607971,4.54564650566317,0.407689223298803,0.0477720727678388,0.363845909480006,0.800850203144364,0.0278371690073982
10.944911481093,1.96049163713392,1.72850892227143,0.00900916779995896,0.0157993362355046,0.608668398112059,0.00677004427172011,0.0124610983120278,2.11547778733075,40,58.3897512406111,0,2,3.91111843031831,0,0,18.1673346972093,0,27.9520515003242,0.0342568748956546,0.000488283149432391,2.27836406053975,0.522814291063696,2.74794900231063,1.68414583997801,0.226400517183356,0.79549295338802,0.963505410938524,0.44672903243918
27.2971617614278,4.96332200118663,4.11231442471035,0.0134829201782122,0.0307886835867539,0.728979211067781,0.00614691361216362,0.0264140617337637,1.89726498769596,40,42.1154178958386,0,2,4.82780049717985,0,0,26.5772103052586,0,34.4441529526375,0.0687714424729347,0.000592499678116292,2.15233927597292,2.00433908659033,3.40140289301053,1.15998882600106,0.222141522006132,0.680418230593204,0.768121757777408,0.153571935836226
44.3988093176967,10.3705348298677,0.0582503409823403,0.0136350126855541,0.0278151720571332,0.184397302102298,0.00771983775049215,0.00818302691919496,2.29841050319374,40,48.8465313613415,0,2,2.337340219412,0,0,16.9913396809716,0,30.8180762501433,0.0723280105693266,0.000445450058300048,1.68087395327166,2.36718414374627,1.86827111197636,1.19731099698693,0.185477715544403,0.136237212456763,0.556424698326737,0.281339911045507
27.0858278022312,5.72778081239324,1.86439939797856,0.0148920309427194,0.015365564384032,0.819129235344008,0.00371453790958971,0.0254817619217793,1.8768619520124,40,32.1625263243914,0,2,2.14308641082607,0,0,22.5985686352942,0,66.1200279789045,0.0203883105935529,0.000628381802793592,1.90554171307012,0.115646507358178,1.30008968780749,1.26399150202051,0.147961904341355,0.673371168086305,0.861925847595558,0.111500708851963
37.3371449960558,7.94151287843342,2.7609406420961,0.0174365029053297,0.00170065623056144,0.177045138785616,0.0139118944199779,0.0134356778452056,1.75380284502171,40,66.242924593389,0,2,3.83599926717579,0,0,15.4966006788891,0,40.6749798776582,0.0523652384476736,0.000606560075841844,2.42478711465374,2.81796025880612,2.75129770883359,1.42289115386084,0.175044375448488,0.138975873356685,0.557609955198132,0.411400405922905
46.0448956670521,8.4310475738836,4.46059010911267,0.0108837899367791,0.0279500157935545,0.296073591103777,0.00233958470809506,0.023508371274604,2.43779741111211,40,48.6123133264482,0,2,3.80751902144402,0,0,19.7077448072378,0,55.7104029890615,0.0361183597054332,0.00059103383878246,1.66554109579884,2.35782255395316,4.98046744754538,1.22656349870376,0.295125557784922,0.727206013398245,0.539691763580777,0.168567879940383
27.7603294587131,5.96213631185757,0.00649996474385262,0.00699503577547148,0.0138919767453335,0.489469087449834,0.0126122896387917,0.0158311753355432,1.93583366507664,40,35.6436575669795,0,2,4.17362059466541,0,0,27.9268338857219,0,40.6216333515476,0.0593683921266347,0.000522097360622138,2.33923166147433,0.682730734348297,4.61370280734263,1.65075430925936,0.0980890293605626,0.720833481522277,0.8915276133921,0.399902870412916
57.8313204778266,11.3677910741383,1.97964041191153,0.010552016684087,0.0209558274368756,0.114910111296922,0.0221787168641575,0.0261008931068261,2.42159904772416,40,37.2393905278295,0,2,2.2990907265339,0,0,16.8387269717641,0,71.0424336139113,0.022437534709461,0.000674906744528562,1.71986759235151,1.76570339617319,3.74016593815759,0.845877484185621,0.0851014891639352,0.768328575417399,0.659908281173557,0.266194482799619
